,,,,,,,,287.77,55.6701030927835,400,,,,position size,,,,,compund win,,,account
,,,,FTSE,cac,DAX,Hangseng,Nikkei,,,Account,ftse,cac,DAX,Hangseng,Nikkei,ftse,cac,dax,hangseng,nikkei,
,,,pos,0.8,1,0.37,0.2,0.15,,,,0.8,1,0.3,0.2,0.15,,,,,,
,,,profit,114.42,103.89,-171.55,106.27,134.74,,,,,,,,,290.927492022068,197.270206784911,-457.719592247372,102.56364187049,226.705462858766,
,,,% win,66.6666666666667,50,48.936170212766,58.3333333333333,45.4545454545455,,,,,,,,,80.952380952381,43.75,70.3703703703704,55.5555555555556,50,
,,,count win,48,34,46,28,25,,,,,,,,,,,,,,
date,time,market,direction,entry,exit,points,size,gbp,winner,account,,,,,,,,,,,,400
2025-08-01,07:25,nikkei,BUY,40570,40550,-20,0.15,-3,FALSE,397,400,0.8,1,0.3,0.2,0.15,,,,,,400
2025-08-04,07:55,hangseng,SELL,24793.179269,24816.248289,-23.1,0.2,-4.61,FALSE,392.39,392.39,0.8,0.988387909319899,0.29651637279597,0.19767758186398,0.148258186397985,,,,-4.56635214105794,,395.433647858942
2025-08-06,07:55,hangseng,BUY,24909.527373,24921.563384,12,0.2,2.41,TRUE,394.8,394.8,0.790867295717884,0.988584119647355,0.296575235894207,0.197716823929471,0.148287617947103,,,,2.37260188715365,,397.806249746096
2025-08-11,07:55,hangseng,SELL,24959.677418,24939.6174,20.1,0.2,4.01,TRUE,398.81,398.81,0.795612499492192,0.994515624365239,0.298354687309572,0.198903124873048,0.149177343654786,,,,3.99795280994826,,401.804202556044
2025-08-12,07:55,hangseng,SELL,25007.821461,25049.947499,-42.1,0.2,-8.43,FALSE,390.38,390.38,0.803608405112088,1.00451050639011,0.301353151917033,0.200902101278022,0.150676575958517,,,,-8.45797846380473,,393.346224092239
2025-08-13,07:00,ftse,BUY,9211.723494,9212.728812,1,0.8,0.88,TRUE,391.26,391.26,0.786692448184479,0.983365560230598,0.295009668069179,0.19667311204612,0.14750483403459,0.786692448184479,,,,,394.132916540424
2025-08-13,13:45,ftse,BUY,9217.755399,9222.279327,4.5,0.8,3.62,TRUE,394.88,391.26,0.788265833080848,0.985332291351059,0.295599687405318,0.197066458270212,0.147799843702659,3.54719624886381,,,,,397.680112789288
2025-08-14,09:20,cac,BUY,7833.5,7854.8,21.3,1,21.3,TRUE,416.18,416.18,0.795360225578575,0.994200281973219,0.298260084591966,0.198840056394644,0.149130042295983,,21.1764660060296,,,,418.856578795317
2025-08-15,06:15,ftse,BUY,9245.904286,9264,18.1,0.8,15.92,TRUE,432.1,432.1,0.837713157590634,1.04714144698829,0.314142434096488,0.209428289397659,0.157071217048244,15.1626081523905,,,,,434.019186947708
2025-08-15,08:45,dax,BUY,24468,24410,-58,0.37,-23.2,FALSE,408.9,432.1,0.868038373895415,1.08504796736927,0.325514390210781,0.217009593473854,0.16275719510539,,,-18.8798346322253,,,415.139352315482
2025-08-15,10:30,dax,BUY,24421,24418,-3,0.37,-1.11,FALSE,407.79,432.1,0.830278704630965,1.03784838078871,0.311354514236612,0.207569676157741,0.155677257118306,,,-0.934063542709835,,,414.205288772772
2025-08-15,12:00,ftse,BUY,9213.734129,9215.242105,1.5,0.8,1.21,TRUE,409,432.1,0.828410577545545,1.03551322193193,0.310653966579579,0.207102644386386,0.15532698328979,1.24261586631832,,,,,415.447904639091
2025-08-18,04:15,dax,BUY,24335,24348,13,0.37,5.2,TRUE,414.2,414.2,0.830895809278182,1.03861976159773,0.311585928479318,0.207723952319545,0.155792964239659,,,4.05061707023114,,,419.498521709322
2025-08-18,07:40,dax,BUY,24331,24334,3,0.37,1.2,TRUE,415.4,414.2,0.838997043418644,1.0487463042733,0.314623891281991,0.209749260854661,0.157311945640996,,,0.943871673845974,,,420.442393383168
2025-08-18,11:00,dax,BUY,24337,24370,33,0.37,12.21,TRUE,427.61,414.2,0.840884786766336,1.05110598345792,0.315331795037376,0.210221196691584,0.157665897518688,,,10.4059492362334,,,430.848342619401
2025-08-19,08:50,ftse,BUY,9259.476072,9260.481389,1,0.8,0.8,TRUE,428.41,428.41,0.861696685238803,1.0771208565485,0.323136256964551,0.215424171309701,0.161568128482276,0.861696685238803,,,,,431.71003930464
2025-08-19,10:00,ftse,BUY,9258.973413,9262.492024,3.5,0.8,2.81,TRUE,431.22,428.41,0.86342007860928,1.0792750982616,0.32378252947848,0.21585501965232,0.16189126473924,3.02197027513248,,,,,434.732009579773
2025-08-19,20:55,ftse,BUY,9256.962778,9257.968095,1,0.8,0.8,TRUE,432.02,428.41,0.869464019159545,1.08683002394943,0.326049007184829,0.217366004789886,0.163024503592415,0.869464019159545,,,,,435.601473598932
2025-08-20,07:00,hangseng,SELL,25216.445649,25202.403636,14,0.2,2.81,TRUE,434.83,434.83,0.871202947197864,1.08900368399733,0.326701105199199,0.217800736799466,0.1633505525996,,,,3.04921031519253,,438.650683914125
2025-08-20,08:50,dax,BUY,24359,24299,-60,0.37,-22.2,FALSE,412.63,434.83,0.877301367828249,1.09662670978531,0.328988012935594,0.219325341957062,0.164494006467797,,,-19.7392807761356,,,418.911403137989
2025-08-20,10:35,dax,BUY,24311,24312,1,0.37,0.37,TRUE,413,434.83,0.837822806275978,1.04727850784497,0.314183552353492,0.209455701568995,0.157091776176746,,,0.314183552353492,,,419.225586690343
2025-08-20,11:35,cac,BUY,7989,7989,0,1,0,FALSE,413,434.83,0.838451173380685,1.04806396672586,0.314419190017757,0.209612793345171,0.157209595008878,,0,,,,419.225586690343
2025-08-20,12:55,dax,BUY,24307,24312,5,0.37,2,TRUE,415,434.83,0.838451173380685,1.04806396672586,0.314419190017757,0.209612793345171,0.157209595008878,,,1.57209595008878,,,420.797682640431
2025-08-21,06:15,hangseng,BUY,25168.301605,25175.322612,7,0.2,1.4,TRUE,416.4,416.4,0.841595365280863,1.05199420660108,0.315598261980324,0.210398841320216,0.157799130990162,,,,1.47279188924151,,422.270474529673
2025-08-21,06:45,dax,BUY,24287,24227,-60,0.37,-24,FALSE,392.4,416.4,0.844540949059346,1.05567618632418,0.316702855897255,0.211135237264836,0.158351427948627,,,-19.0021713538353,,,403.268303175838
2025-08-21,07:55,hangseng,BUY,25180.337616,25169.304606,-11,0.2,-2.21,FALSE,390.19,416.4,0.806536606351675,1.00817075793959,0.302451227381878,0.201634151587919,0.151225613690939,,,,-2.21797566746711,,401.050327508371
2025-08-21,08:40,dax,BUY,24253,24265,12,0.37,4.8,TRUE,394.99,416.4,0.802100655016741,1.00262581877093,0.300787745631278,0.200525163754185,0.150393872815639,,,3.60945294757533,,,404.659780455946
2025-08-21,09:30,dax,BUY,24271,24328,57,0.37,21.09,TRUE,416.08,416.4,0.809319560911892,1.01164945113986,0.303494835341959,0.202329890227973,0.15174741767098,,,17.2992056144917,,,421.958986070438
2025-08-22,09:20,dax,BUY,24335,24430,95,0.37,38,TRUE,454.08,454.08,0.843917972140875,1.05489746517609,0.316469239552828,0.210979493035219,0.158234619776414,,,30.0645777575187,,,452.023563827956
2025-08-22,14:05,ftse,BUY,9402.733804,9408.263049,5.5,0.8,4.42,TRUE,458.5,454.08,0.904047127655912,1.13005890956989,0.339017672870967,0.226011781913978,0.169508836435484,4.97225920210752,,,,,456.995823030064
2025-08-25,03:50,dax,BUY,24287,24313,26,0.37,10.4,TRUE,468.9,468.9,0.913991646060128,1.14248955757516,0.342746867272548,0.228497911515032,0.171373433636274,,,8.91141854908624,,,465.90724157915
2025-08-25,08:30,cac,BUY,7930.5,7948,17.5,1,19.25,TRUE,488.15,468.9,0.9318144831583,1.16476810394788,0.349430431184362,0.232953620789575,0.174715215592181,,20.3834418190878,,,,486.290683398238
2025-08-25,11:50,dax,BUY,24299,24330,31,0.37,11.47,TRUE,499.62,468.9,0.972581366796476,1.21572670849559,0.364718012548678,0.243145341699119,0.182359006274339,,,11.306258389009,,,497.596941787247
2025-08-25,20:55,cac,BUY,7847,7832.5,-14.5,1,-14.5,FALSE,485.12,468.9,0.995193883574494,1.24399235446812,0.373197706340435,0.248798470893623,0.186598853170218,,-18.0378891397877,,,,479.559052647459
2025-08-26,05:30,hangseng,BUY,25647.736036,25725.970106,78.2,0.2,15.65,TRUE,500.77,500.77,0.959118105294918,1.19889763161865,0.359669289485594,0.23977952632373,0.179834644742797,,,,18.7507589585157,,498.309811605975
2025-08-26,07:25,nikkei,BUY,42305,42310,5,0.15,0.75,TRUE,501.52,500.77,0.99661962321195,1.24577452901494,0.373732358704481,0.249154905802987,0.186866179352241,,,,,0.934330896761203,499.244142502736
2025-08-27,07:55,hangseng,BUY,25177.847115,25132.559597,-45.3,0.2,-9.06,FALSE,492.46,492.46,0.998488285005472,1.24811035625684,0.374433106877052,0.249622071251368,0.187216553438526,,,,-11.307879827687,,487.936262675049
2025-08-28,07:55,hangseng,SELL,25065.131515,25084.252912,-19.1,0.2,-3.82,FALSE,488.64,488.64,0.975872525350098,1.21984065668762,0.365952197006287,0.243968131337524,0.182976098503143,,,,-4.65979130854672,,483.276471366502
2025-08-29,04:30,hangseng,BUY,25211.057961,25119.476537,-91.6,0.2,-18.32,FALSE,470.32,470.32,0.966552942733005,1.20819117841626,0.362457353524877,0.241638235683251,0.181228676762438,,,,-22.1340623885858,,461.142408977916
2025-08-29,05:00,ftse,BUY,9258.973413,9260.481389,1.5,0.8,1.33,TRUE,471.65,470.32,0.922284817955833,1.15285602244479,0.345856806733437,0.230571204488958,0.172928403366719,1.38342722693375,,,,,462.52583620485
2025-08-29,06:05,hangseng,BUY,25185.898229,25279.492433,93.6,0.2,18.72,TRUE,490.37,470.32,0.9250516724097,1.15631459051213,0.346894377153638,0.231262918102425,0.173447188576819,,,,21.646209134387,,484.172045339237
2025-08-29,07:25,nikkei,BUY,42440,42430,-10,0.15,-1.5,FALSE,488.87,470.32,0.968344090678475,1.21043011334809,0.363129034004428,0.242086022669619,0.181564517002214,,,,,-1.81564517002214,482.356400169215
2025-09-01,20:40,ftse,BUY,9266.513294,9274.053174,7.5,0.8,6.64,TRUE,495.51,495.51,0.96471280033843,1.20589100042304,0.361767300126911,0.241178200084608,0.180883650063456,7.23534600253823,,,,,489.591746171753
2025-09-02,05:40,nikkei,BUY,42160,42000,-160,0.15,-24,FALSE,471.51,471.51,0.979183492343507,1.22397936542938,0.367193809628815,0.244795873085877,0.183596904814407,,,,,-29.3755047703052,460.216241401448
2025-09-02,07:40,hangseng,BUY,25517.000304,25410.32304,-106.7,0.2,-21.34,FALSE,450.17,471.51,0.920432482802896,1.15054060350362,0.345162181051086,0.230108120700724,0.172581090525543,,,,-24.5525364787673,,435.663704922681
2025-09-03,08:10,ftse,SELL,9214.236788,9202.675638,11.6,0.8,10.17,TRUE,460.34,460.34,0.871327409845362,1.0891592623067,0.326747778692011,0.21783185246134,0.163373889346005,10.1073979542062,,,,,445.771102876887
2025-09-03,20:55,cac,SELL,7724.5,7734.5,-10,1,-11,FALSE,449.34,460.34,0.891542205753774,1.11442775719222,0.334328327157665,0.222885551438444,0.167164163578833,,-11.1442775719222,,,,434.626825304965
2025-09-04,06:50,cac,BUY,7708,7717.5,9.5,1,10.45,TRUE,459.79,459.79,0.86925365060993,1.08656706326241,0.325970118978724,0.217313412652482,0.162985059489362,,10.3223871009929,,,,444.949212405958
2025-09-04,09:45,ftse,SELL,9261.486706,9295.16484,-33.7,0.8,-29.64,FALSE,430.15,459.79,0.889898424811916,1.11237303101489,0.333711909304468,0.222474606202979,0.166855954652234,-29.9895769161616,,,,,414.959635489796
2025-09-08,11:55,cac,SELL,7726.5,7730.5,-4,1,-4.4,FALSE,425.75,425.75,0.829919270979592,1.03739908872449,0.311219726617347,0.207479817744898,0.155609863308674,,-4.14959635489796,,,,410.810039134898
2025-09-08,20:55,cac,SELL,7729,7736,-7,1,-7.7,FALSE,418.05,425.75,0.821620078269796,1.02702509783725,0.308107529351174,0.205405019567449,0.154053764675587,,-7.18917568486072,,,,403.620863450037
2025-09-09,07:25,nikkei,BUY,43305,43250,-55,0.15,-8.25,FALSE,409.8,409.8,0.807241726900075,1.00905215862509,0.302715647587528,0.201810431725019,0.151357823793764,,,,,-8.32468030865702,395.29618314138
2025-09-09,08:30,ftse,SELL,9292.651546,9293.154205,-0.5,0.8,-0.44,FALSE,409.36,409.8,0.790592366282761,0.988240457853451,0.296472137356035,0.19764809157069,0.148236068678018,-0.395296183141381,,,,,394.900886958239
2025-09-12,07:25,nikkei,BUY,44555,44540,-15,0.15,-2.25,FALSE,407.11,407.11,0.789801773916478,0.987252217395598,0.296175665218679,0.19745044347912,0.14808783260934,,,,,-2.22131748914009,392.679569469099
2025-09-16,07:05,hangseng,BUY,26595.849617,26624.028517,28.2,0.2,5.64,TRUE,412.75,412.75,0.785359138938198,0.981698923672747,0.294509677101824,0.196339784734549,0.147254838550912,,,,5.53678192951429,,398.216351398613
2025-09-18,05:45,hangseng,BUY,26761.903849,26820.274427,58.4,0.2,11.67,TRUE,424.42,424.42,0.796432702797226,0.995540878496533,0.29866226354896,0.199108175699307,0.14933113177448,,,,11.6279174608395,,409.844268859453
2025-09-18,07:55,hangseng,BUY,26744.795231,26725.673834,-19.1,0.2,-3.82,FALSE,420.6,424.42,0.819688537718906,1.02461067214863,0.30738320164459,0.204922134429726,0.153691600822295,,,,-3.91401276760777,,405.930256091845
2025-09-19,07:30,hangseng,BUY,26693.469377,26698.501324,5,0.2,1.01,TRUE,421.61,421.61,0.81186051218369,1.01482564022961,0.304447692068884,0.202965128045922,0.152223846034442,,,,1.01482564022961,,406.945081732075
2025-09-25,04:45,dax,BUY,23685,23590,-95,0.37,-38,FALSE,383.61,383.61,0.813890163464149,1.01736270433019,0.305208811299056,0.203472540866037,0.152604405649528,,,-28.9948370734103,,,377.950244658664
2025-09-25,07:25,nikkei,BUY,45225,45205,-20,0.15,-3,FALSE,380.61,383.61,0.755900489317328,0.944875611646661,0.283462683493998,0.188975122329332,0.141731341746999,,,,,-2.83462683493998,375.115617823724
2025-09-26,07:25,nikkei,BUY,45050,45185,135,0.15,20.25,TRUE,400.86,400.86,0.750231235647449,0.937789044559311,0.281336713367793,0.187557808911862,0.140668356683897,,,,,18.990228152326,394.10584597605
2025-09-29,04:00,dax,BUY,23898,23913,15,0.37,6,TRUE,406.86,406.86,0.788211691952101,0.985264614940126,0.295579384482038,0.197052922988025,0.147789692241019,,,4.43369076723057,,,398.539536743281
2025-09-29,04:30,dax,BUY,23936,23925,-11,0.37,-4.4,FALSE,402.46,406.86,0.797079073486562,0.996348841858202,0.298904652557461,0.19926976837164,0.14945232627873,,,-3.28795117813207,,,395.251585565149
2025-09-29,09:55,cac,BUY,7891.5,7893,1.5,1,1.65,TRUE,404.11,406.86,0.790503171130298,0.988128963912872,0.296438689173862,0.197625792782574,0.148219344586931,,1.48219344586931,,,,396.733779011018
2025-09-29,20:00,ftse,BUY,9344.5,9350,5.5,0.8,4.4,TRUE,408.51,406.86,0.793467558022036,0.991834447527545,0.297550334258264,0.198366889505509,0.148775167129132,4.3640715691212,,,,,401.097850580139
2025-09-30,04:05,ftse,BUY,9322,9325.5,3.5,0.8,3.08,TRUE,411.59,411.59,0.802195701160279,1.00274462645035,0.300823387935105,0.20054892529007,0.150411693967552,2.80768495406098,,,,,403.9055355342
2025-09-30,06:30,nikkei,BUY,44800,44830,30,0.15,4.5,TRUE,416.09,411.59,0.807811071068401,1.0097638388355,0.30292915165065,0.2019527677671,0.151464575825325,,,,,4.54393727475975,408.44947280896
2025-09-30,11:45,cac,BUY,7865.5,7913.5,48,1,48,TRUE,464.09,411.59,0.81689894561792,1.0211236820224,0.30633710460672,0.20422473640448,0.15316855230336,,49.0139367370752,,,,457.463409546035
2025-10-01,04:50,dax,BUY,23951,24098,147,0.37,58.8,TRUE,522.89,522.89,0.914926819092071,1.14365852386509,0.343097557159526,0.228731704773018,0.171548778579763,,,50.4353409024504,,,507.898750448486
2025-10-02,04:00,ftse,BUY,9488.5,9494.5,6,0.8,5.28,TRUE,528.17,528.17,1.01579750089697,1.26974687612121,0.380924062836364,0.253949375224243,0.190462031418182,6.09478500538183,,,,,513.993535453868
2025-10-02,05:20,ftse,BUY,9498,9500.5,2.5,0.8,2.2,TRUE,530.37,528.17,1.02798707090774,1.28498383863467,0.385495151590401,0.256996767726934,0.1927475757952,2.56996767726934,,,,,516.563503131137
2025-10-02,10:40,ftse,BUY,9490,9475.5,-14.5,0.8,-11.6,FALSE,518.77,528.17,1.03312700626227,1.29140875782784,0.387422627348353,0.258281751565568,0.193711313674176,-14.980341590803,,,,,501.583161540334
2025-10-03,07:55,hangseng,BUY,27347.622412,27351.647969,4,0.2,0.81,TRUE,519.58,519.58,1.00316632308067,1.25395790385083,0.37618737115525,0.250791580770167,0.188093685577625,,,,1.00316632308067,,502.586327863415
2025-10-03,10:00,dax,BUY,24503,24501,-2,0.37,-0.8,FALSE,518.78,519.58,1.00517265572683,1.25646581965854,0.376939745897561,0.251293163931707,0.18846987294878,,,-0.753879491795122,,,501.832448371619
2025-10-03,11:00,dax,BUY,24507,24519,12,0.37,4.44,TRUE,523.22,519.58,1.00366489674324,1.25458112092905,0.376374336278715,0.25091622418581,0.188187168139357,,,4.51649203534458,,,506.348940406964
2025-10-03,13:35,dax,BUY,24476,24499,23,0.37,8.51,TRUE,531.73,519.58,1.01269788081393,1.26587235101741,0.379761705305223,0.253174470203482,0.189880852652611,,,8.73451922202013,,,515.083459628984
2025-10-06,03:45,dax,BUY,24493,24503,10,0.37,4,TRUE,535.73,535.73,1.03016691925797,1.28770864907246,0.386312594721738,0.257541729814492,0.193156297360869,,,3.86312594721738,,,518.946585576201
2025-10-06,06:35,cac,BUY,7965.5,7983,17.5,1,19.25,TRUE,554.98,535.73,1.0378931711524,1.2973664639405,0.389209939182151,0.259473292788101,0.194604969591076,,22.7039131189588,,,,541.65049869516
2025-10-06,08:45,cac,BUY,7978,7985.5,7.5,1,7.5,TRUE,562.48,535.73,1.08330099739032,1.3541262467379,0.40623787402137,0.27082524934758,0.203118937010685,,10.1559468505343,,,,551.806445545695
2025-10-06,09:50,dax,BUY,24540,24551,11,0.37,4.07,TRUE,566.55,535.73,1.10361289109139,1.37951611386424,0.413854834159271,0.275903222772847,0.206927417079635,,,4.55240317575198,,,556.358848721447
2025-10-06,11:35,ftse,BUY,9524,9528.5,4.5,0.8,3.6,TRUE,570.15,535.73,1.11271769744289,1.39089712180362,0.417269136541085,0.278179424360723,0.208634568270542,5.00722963849302,,,,,561.36607835994
2025-10-06,20:55,ftse,BUY,9527,9519.5,-7.5,0.8,-6.6,FALSE,563.55,535.73,1.12273215671988,1.40341519589985,0.421024558769955,0.28068303917997,0.210512279384977,-8.4204911753991,,,,,552.945587184541
2025-10-07,05:40,dax,BUY,24465,24536,71,0.37,28.4,TRUE,591.95,591.95,1.10589117436908,1.38236396796135,0.414709190388405,0.27647279359227,0.207354595194203,,,29.4443525175768,,,582.389939702117
2025-10-07,08:20,dax,BUY,24552,24551,-1,0.37,-0.4,FALSE,591.55,591.95,1.16477987940423,1.45597484925529,0.436792454776588,0.291194969851059,0.218396227388294,,,-0.436792454776588,,,581.953147247341
2025-10-07,10:30,cac,BUY,7998,7977,-21,1,-21,FALSE,570.55,591.95,1.16390629449468,1.45488286811835,0.436464860435506,0.29097657362367,0.218232430217753,,-30.5525402304854,,,,551.400607016855
2025-10-07,11:45,dax,BUY,24495,24510,15,0.37,5.55,TRUE,576.1,591.95,1.10280121403371,1.37850151754214,0.413550455262642,0.275700303508428,0.206775227631321,,,6.20325682893962,,,557.603863845795
2025-10-07,20:15,ftse,BUY,9531.5,9535,3.5,0.8,3.08,TRUE,579.18,591.95,1.11520772769159,1.39400965961449,0.418202897884346,0.278801931922898,0.209101448942173,3.90322704692057,,,,,561.507090892716
2025-10-09,10:35,cac,BUY,8069.5,8039,-30.5,1,-30.5,FALSE,548.68,548.68,1.12301418178543,1.40376772723179,0.421130318169537,0.280753545446358,0.210565159084768,,-42.8149156805696,,,,518.692175212146
2025-10-09,14:25,cac,BUY,8045.5,8037,-8.5,1,-8.5,FALSE,540.18,548.68,1.03738435042429,1.29673043803037,0.38901913140911,0.259346087606073,0.194509565704555,,-11.0222087232581,,,,507.669966488888
2025-10-09,20:55,cac,BUY,8037.5,8037.5,0,1,0,FALSE,540.18,548.68,1.01533993297778,1.26917491622222,0.380752474866666,0.253834983244444,0.190376237433333,,0,,,,507.669966488888
2025-10-10,03:55,nikkei,BUY,47715,47890,175,0.15,26.25,TRUE,566.43,566.43,1.01533993297778,1.26917491622222,0.380752474866666,0.253834983244444,0.190376237433333,,,,,33.3158415508333,540.985808039721
2025-10-10,06:50,nikkei,BUY,47600,47675,75,0.15,11.25,TRUE,577.68,566.43,1.08197161607944,1.3524645200993,0.405739356029791,0.270492904019861,0.202869678014895,,,,,15.2152258511172,556.201033890838
2025-10-10,07:15,dax,BUY,24673,24724,51,0.37,20.4,TRUE,598.08,566.43,1.11240206778168,1.3905025847271,0.417150775418129,0.278100516945419,0.208575387709064,,,21.2746895463246,,,577.475723437163
2025-10-10,09:55,cac,BUY,8040.5,7989,-51.5,1,-51.5,FALSE,546.58,566.43,1.15495144687433,1.44368930859291,0.433106792577872,0.288737861718581,0.216553396288936,,-74.3499993925347,,,,503.125724044628
2025-10-10,11:05,ftse,BUY,9474.5,9449,-25.5,0.8,-20.4,FALSE,526.18,566.43,1.00625144808926,1.25781431011157,0.377344293033471,0.251562862022314,0.188672146516736,-25.659411926276,,,,,477.466312118352
2025-10-10,13:35,dax,BUY,24397,24336,-61,0.37,-22.57,FALSE,503.61,566.43,0.954932624236704,1.19366578029588,0.358099734088764,0.238733156059176,0.179049867044382,,,-21.8440837794146,,,455.622228338938
2025-10-14,04:50,hangseng,BUY,25579.396439,25671.984254,92.6,0.2,18.52,TRUE,522.13,522.13,0.911244456677875,1.13905557084734,0.341716671254203,0.227811114169469,0.170858335627102,,,,21.0953091720928,,476.71753751103
2025-10-14,07:00,nikkei,BUY,46715,46840,125,0.15,18.75,TRUE,540.88,522.13,0.953435075022061,1.19179384377758,0.357538153133273,0.238358768755515,0.178769076566636,,,,,22.3461345708296,499.06367208186
2025-10-14,07:40,hangseng,BUY,25621.664789,25558.262265,-63.4,0.2,-12.68,FALSE,528.2,522.13,0.99812734416372,1.24765918020465,0.374297754061395,0.24953183604093,0.187148877030697,,,,-15.820318404995,,483.243353676865
2025-10-15,04:40,dax,BUY,24357,24383,26,0.37,10.4,TRUE,538.6,538.6,0.96648670735373,1.20810838419216,0.362432515257649,0.241621676838432,0.181216257628824,,,9.42324539669887,,,492.666599073564
2025-10-15,07:30,ftse,BUY,9437,9459,22,0.8,19.36,TRUE,557.96,538.6,0.985333198147128,1.23166649768391,0.369499949305173,0.246333299536782,0.184749974652586,21.6773303592368,,,,,514.343929432801
2025-10-15,10:40,dax,BUY,24324,24267,-57,0.37,-21.09,FALSE,536.87,538.6,1.0286878588656,1.285859823582,0.3857579470746,0.2571719647164,0.1928789735373,,,-21.9882029832522,,,492.355726449548
2025-10-15,12:05,dax,BUY,24266,24190,-76,0.37,-28.12,FALSE,508.75,538.6,0.984711452899097,1.23088931612387,0.369266794837161,0.246177863224774,0.184633397418581,,,-28.0642764076243,,,464.291450041924
2025-10-15,20:55,ftse,BUY,9453,9447.5,-5.5,0.8,-4.4,FALSE,504.35,538.6,0.928582900083848,1.16072862510481,0.348218587531443,0.232145725020962,0.174109293765722,-5.10720595046116,,,,,459.184244091463
2025-10-16,03:25,dax,BUY,24246,24230,-16,0.37,-6.4,FALSE,497.95,497.95,0.918368488182926,1.14796061022866,0.344388183068597,0.229592122045731,0.172194091534299,,,-5.51021092909755,,,453.674033162365
2025-10-16,10:40,ftse,BUY,9454.5,9470.5,16,0.8,14.08,TRUE,512.03,497.95,0.907348066324731,1.13418508290591,0.340255524871774,0.226837016581183,0.170127762435887,14.5175690611957,,,,,468.191602223561
2025-10-16,13:15,ftse,BUY,9436,9403,-33,0.8,-26.4,FALSE,485.63,497.95,0.936383204447122,1.1704790055589,0.351143701667671,0.234095801111781,0.175571850833835,-30.900645746755,,,,,437.290956476806
2025-10-16,14:20,dax,BUY,24186,24154,-32,0.37,-11.84,FALSE,473.79,497.95,0.874581912953612,1.09322739119202,0.327968217357604,0.218645478238403,0.163984108678802,,,-10.4949829554433,,,426.795973521363
2025-10-16,20:50,dax,BUY,24166,24099,-67,0.37,-24.79,FALSE,449,497.95,0.853591947042725,1.06698993380341,0.320096980141022,0.213397986760681,0.160048490070511,,,-21.4464976694485,,,405.349475851914
2025-10-20,06:25,hangseng,SELL,26024.220503,25981.952153,42.3,0.2,8.45,TRUE,457.45,457.45,0.810698951703828,1.01337368962979,0.304012106888936,0.202674737925957,0.152006053444468,,,,8.57314141426798,,413.922617266182
2025-10-20,08:55,cac,BUY,8190,8211.5,21.5,1,23.65,TRUE,481.1,457.45,0.827845234532364,1.03480654316546,0.310441962949637,0.206961308633091,0.155220981474818,,22.2483406780573,,,,436.170957944239
2025-10-21,06:40,dax,BUY,24324,24416,92,0.37,36.8,TRUE,517.9,517.9,0.872341915888479,1.0904273948606,0.32712821845818,0.21808547897212,0.16356410922909,,,30.0957960981525,,,466.266754042392
2025-10-21,11:50,ftse,BUY,9465.5,9466,0.5,0.8,0.4,TRUE,518.3,517.9,0.932533508084784,1.16566688510598,0.349700065531794,0.233133377021196,0.174850032765897,0.466266754042392,,,,,466.733020796434
2025-10-21,13:15,dax,BUY,24425,24430,5,0.37,2,TRUE,520.3,517.9,0.933466041592869,1.16683255199109,0.350049765597326,0.233366510398217,0.175024882798663,,,1.75024882798663,,,468.483269624421
2025-10-21,20:55,ftse,BUY,9458,9453,-5,0.8,-4,FALSE,516.3,517.9,0.936966539248842,1.17120817406105,0.351362452218316,0.234241634812211,0.175681226109158,-4.68483269624421,,,,,463.798436928177
2025-10-22,05:30,dax,BUY,24374,24393,19,0.37,7.6,TRUE,523.9,523.9,0.927596873856354,1.15949609232044,0.347848827696133,0.231899218464088,0.173924413848066,,,6.60912772622652,,,470.407564654403
2025-10-22,07:25,nikkei,BUY,49100,49080,-20,0.15,-3,FALSE,520.9,523.9,0.940815129308807,1.17601891163601,0.352805673490802,0.235203782327202,0.176402836745401,,,,,-3.52805673490802,466.879507919495
2025-10-22,09:45,dax,BUY,24351,24294,-57,0.37,-21.09,FALSE,499.81,523.9,0.933759015838991,1.16719876979874,0.350159630939621,0.233439753959748,0.175079815469811,,,-19.9590989635584,,,446.920408955937
2025-10-22,10:20,dax,BUY,24317,24249,-68,0.37,-25.16,FALSE,474.65,523.9,0.893840817911874,1.11730102238984,0.335190306716953,0.223460204477968,0.167595153358476,,,-22.7929408567528,,,424.127468099184
2025-10-22,11:00,cac,BUY,8224,8232,8,1,8,TRUE,482.65,523.9,0.848254936198368,1.06031867024796,0.318095601074388,0.212063734049592,0.159047800537194,,8.48254936198368,,,,432.610017461168
2025-10-22,14:50,cac,BUY,8196.5,8212.5,16,1,16,TRUE,498.65,523.9,0.865220034922336,1.08152504365292,0.324457513095876,0.216305008730584,0.162228756547938,,17.3044006984467,,,,449.914418159614
2025-10-24,07:45,hangseng,SELL,26317.079785,26417.718713,-100.6,0.2,-20.13,FALSE,478.52,478.52,0.899828836319229,1.12478604539904,0.337435813619711,0.224957209079807,0.168717906809855,,,,-22.6306952334286,,427.283722926186
2025-10-28,11:40,dax,SELL,24394,24377,17,0.37,6.8,TRUE,485.32,485.32,0.854567445852372,1.06820930731546,0.320462792194639,0.213641861463093,0.16023139609732,,,5.44786746730887,,,432.731590393495
2025-11-07,05:15,hangseng,BUY,26344.252296,26237.575031,-106.7,0.2,-21.34,FALSE,463.98,463.98,0.86546318078699,1.08182897598374,0.324548692795121,0.216365795196747,0.162274346397561,,,,-23.0862303474929,,409.645360046002
2025-11-07,06:15,hangseng,BUY,26234.555864,26273.805046,39.2,0.2,7.85,TRUE,471.83,463.98,0.819290720092004,1.024113400115,0.307234020034501,0.204822680023001,0.153617010017251,,,,8.02904905690164,,417.674409102903
2025-11-11,06:25,nikkei,BUY,51065,51055,-10,0.15,-1.5,FALSE,470.33,470.33,0.835348818205807,1.04418602275726,0.313255806827178,0.208837204551452,0.156627903413589,,,,,-1.56627903413589,416.108130068768
2025-11-12,19:15,ftse,BUY,9926,9930,4,0.8,3.2,TRUE,473.53,473.53,0.832216260137535,1.04027032517192,0.312081097551576,0.208054065034384,0.156040548775788,3.32886504055014,,,,,419.436995109318
2025-11-13,06:50,dax,BUY,24288,24318,30,0.37,12,TRUE,485.53,485.53,0.838873990218635,1.04859248777329,0.314577746331988,0.209718497554659,0.157288873165994,,,9.43733238995965,,,428.874327499277
2025-11-13,08:45,ftse,BUY,9869,9872,3,0.8,2.64,TRUE,488.17,485.53,0.857748654998555,1.07218581874819,0.321655745624458,0.214437163749639,0.160827872812229,2.57324596499566,,,,,431.447573464273
2025-11-13,10:30,ftse,BUY,9868,9843,-25,0.8,-20,FALSE,468.17,485.53,0.862895146928546,1.07861893366068,0.323585680098205,0.215723786732136,0.161792840049102,-21.5723786732136,,,,,409.875194791059
2025-11-13,12:35,cac,BUY,8234,8202.5,-31.5,1,-31.5,FALSE,436.67,485.53,0.819750389582119,1.02468798697765,0.307406396093294,0.20493759739553,0.153703198046647,,-32.2776715897959,,,,377.597523201263
2025-11-13,18:40,dax,BUY,24037,24149,112,0.37,44.8,TRUE,481.47,485.53,0.755195046402527,0.943993808003158,0.283198142400948,0.188798761600632,0.141599071200474,,,31.7181919489061,,,409.315715150169
2025-11-13,19:25,ftse,BUY,9781,9797,16,0.8,12.8,TRUE,494.27,485.53,0.818631430300339,1.02328928787542,0.306986786362627,0.204657857575085,0.153493393181314,13.0981028848054,,,,,422.413818034975
2025-11-14,06:55,hangseng,BUY,26608.932677,26653.213806,44.3,0.2,8.86,TRUE,503.13,503.13,0.84482763606995,1.05603454508744,0.316810363526231,0.211206909017487,0.158405181763116,,,,9.35646606947469,,431.77028410445
2025-11-14,12:50,cac,SELL,8169,8167,2,1,2,TRUE,505.13,503.13,0.863540568208899,1.07942571026112,0.323827713078337,0.215885142052225,0.161913856539169,,2.15885142052225,,,,433.929135524972
2025-11-17,06:55,hangseng,BUY,26466.025399,26423.757049,-42.3,0.2,-8.45,FALSE,496.68,496.68,0.867858271049944,1.08482283881243,0.325446851643729,0.216964567762486,0.162723425821864,,,,-9.17760121635316,,424.751534308619
2025-11-17,07:55,cac,SELL,8154,8128,26,1,28.6,TRUE,525.28,496.68,0.849503068617238,1.06187883577155,0.318563650731464,0.212375767154309,0.159281825365732,,27.6088497300602,,,,452.360384038679
2025-11-17,10:40,ftse,SELL,9713.5,9711,2.5,0.8,2,TRUE,527.28,496.68,0.904720768077358,1.1309009600967,0.339270288029009,0.226180192019339,0.169635144014505,2.26180192019339,,,,,454.622185958872
2025-11-17,14:15,ftse,SELL,9718,9646.5,71.5,0.8,57.2,TRUE,584.48,496.68,0.909244371917745,1.13655546489718,0.340966639469154,0.227311092979436,0.170483319734577,65.0109725921188,,,,,519.633158550991
2025-11-19,05:50,dax,SELL,23242,23291,-49,0.37,-19.6,FALSE,564.88,564.88,1.03926631710198,1.29908289637748,0.389724868913243,0.259816579275496,0.194862434456622,,,-19.0965185767489,,,500.536639974242
2025-11-19,10:50,cac,SELL,7974.5,7952.5,22,1,22,TRUE,586.88,564.88,1.00107327994848,1.25134159993561,0.375402479980682,0.250268319987121,0.187701239990341,,27.5295151985833,,,,528.066155172826
2025-11-19,20:55,cac,SELL,7980.5,7980,0.5,1,0.5,TRUE,587.38,564.88,1.05613231034565,1.32016538793206,0.396049616379619,0.264033077586413,0.19802480818981,,0.660082693966032,,,,528.726237866792
2025-11-20,05:55,hangseng,SELL,26015.163,25982.958543,32.2,0.2,6.44,TRUE,593.82,593.82,1.05745247573358,1.32181559466698,0.396544678400094,0.264363118933396,0.198272339200047,,,,8.51249242965534,,537.238730296447
2025-11-20,06:10,ftse,SELL,9598.5,9579,19.5,0.8,17.16,TRUE,610.98,593.82,1.07447746059289,1.34309682574112,0.402929047722335,0.268619365148224,0.201464523861168,20.9523104815614,,,,,558.191040778008
2025-11-20,07:30,dax,SELL,23439,23467,-28,0.37,-11.2,FALSE,599.78,593.82,1.11638208155602,1.39547760194502,0.418643280583506,0.279095520389004,0.209321640291753,,,-11.7220118563382,,,546.46902892167
2025-11-20,08:45,ftse,SELL,9599.5,9599,0.5,0.8,0.44,TRUE,600.22,593.82,1.09293805784334,1.36617257230418,0.409851771691253,0.273234514460835,0.204925885845626,0.54646902892167,,,,,547.015497950592
2025-11-20,11:00,dax,SELL,23510,23217,293,0.37,108.41,TRUE,708.63,593.82,1.09403099590118,1.36753874487648,0.410261623462944,0.273507748975296,0.205130811731472,,,120.206655674643,,,667.222153625234
2025-11-21,06:30,cac,SELL,7976.5,7965.5,11,1,12.1,TRUE,720.73,720.73,1.33444430725047,1.66805538406309,0.500416615218926,0.333611076812617,0.250208307609463,,18.3486092246939,,,,685.570762849928
2025-11-21,07:40,dax,SELL,23201,23280,-79,0.37,-31.6,FALSE,689.13,720.73,1.37114152569986,1.71392690712482,0.514178072137446,0.342785381424964,0.257089036068723,,,-40.6200676988583,,,644.95069515107
2025-11-21,08:30,dax,SELL,23259,23270,-11,0.37,-4.07,FALSE,685.06,720.73,1.28990139030214,1.61237673787768,0.483713021363303,0.322475347575535,0.241856510681651,,,-5.32084323499633,,,639.629851916074
2025-11-21,09:15,dax,SELL,23245,23180,65,0.37,24.05,TRUE,709.11,720.73,1.27925970383215,1.59907462979018,0.479722388937055,0.319814925958037,0.239861194468528,,,31.1819552809086,,,670.811807196982
2025-11-24,07:25,ftse,BUY,9592,9595.5,3.5,0.8,3.08,TRUE,712.19,712.19,1.34162361439396,1.67702951799246,0.503108855397737,0.335405903598491,0.251554427698868,4.69568265037888,,,,,675.507489847361
2025-11-24,09:35,ftse,BUY,9576.5,9590.5,14,0.8,11.2,TRUE,723.39,712.19,1.35101497969472,1.6887687246184,0.506630617385521,0.337753744923681,0.25331530869276,18.9142097157261,,,,,694.421699563087
2025-11-24,12:50,ftse,BUY,9552,9568,16,0.8,12.8,TRUE,736.19,712.19,1.38884339912617,1.73605424890772,0.520816274672315,0.347210849781544,0.260408137336158,22.2214943860188,,,,,716.643193949106
2025-11-24,20:55,dax,BUY,23224,23234,10,0.37,3.7,TRUE,739.89,712.19,1.43328638789821,1.79160798487277,0.53748239546183,0.358321596974553,0.268741197730915,,,5.3748239546183,,,722.018017903724
2025-11-25,06:40,dax,SELL,23277,23454,-177,0.37,-70.8,FALSE,669.09,669.09,1.44403603580745,1.80504504475931,0.541513513427793,0.361009008951862,0.270756756713897,,,-95.8478918767194,,,626.170126027005
2025-11-25,08:50,ftse,SELL,9595,9604,-9,0.8,-7.92,FALSE,661.17,669.09,1.25234025205401,1.56542531506751,0.469627594520254,0.313085063013503,0.234813797260127,-11.2710622684861,,,,,614.899063758519
2025-11-26,06:45,ftse,SELL,9660,9627.5,32.5,0.8,28.6,TRUE,689.77,689.77,1.22979812751704,1.5372476593963,0.461174297818889,0.307449531879259,0.230587148909445,39.9684391443037,,,,,654.867502902823
2025-11-26,07:45,ftse,BUY,9640,9690,50,0.8,44,TRUE,733.77,689.77,1.30973500580565,1.63716875725706,0.491150627177117,0.327433751451411,0.245575313588558,65.4867502902823,,,,,720.354253193105
2025-11-26,08:40,dax,SELL,23631,23700,-69,0.37,-25.53,FALSE,708.240000000001,689.77,1.44070850638621,1.80088563298276,0.540265689894829,0.360177126596552,0.270132844947414,,,-37.2783326027432,,,683.075920590362
2025-11-26,09:45,dax,SELL,23652,23714,-62,0.37,-22.94,FALSE,685.3,689.77,1.36615184118072,1.7076898014759,0.512306940442771,0.341537960295181,0.256153470221386,,,-31.7630303074518,,,651.31289028291
2025-11-27,06:25,nikkei,SELL,50170,50165,5,0.15,0.75,TRUE,686.05,686.05,1.30262578056582,1.62828222570727,0.488484667712182,0.325656445141455,0.244242333856091,,,,,1.22121166928046,652.53410195219
2025-11-28,05:00,dax,BUY,23795,23791,-4,0.37,-1.6,FALSE,684.45,684.45,1.30506820390438,1.63133525488048,0.489400576464143,0.326267050976095,0.244700288232071,,,-1.95760230585657,,,650.576499646334
2025-12-01,06:55,hangseng,SELL,26166.163399,26165.158323,1,0.2,0.2,TRUE,684.65,684.65,1.30115299929267,1.62644124911583,0.48793237473475,0.325288249823167,0.243966187367375,,,,0.325288249823167,,650.901787896157
2025-12-02,06:55,hangseng,SELL,26209.381692,26208.376615,1,0.2,0.2,TRUE,684.850000000001,684.850000000001,1.30180357579231,1.62725446974039,0.488176340922118,0.325450893948079,0.244088170461059,,,,0.325450893948079,,651.227238790105
2025-12-04,06:55,hangseng,SELL,26077.716661,26070.681125,7,0.2,1.41,TRUE,686.26,686.26,1.30245447758021,1.62806809697526,0.488420429092579,0.325613619395053,0.244210214546289,,,,2.27929533576537,,653.50653412587
2025-12-04,07:00,cac,BUY,8128.5,8129.5,1,1,1.1,TRUE,687.360000000001,686.26,1.30701306825174,1.63376633531468,0.490129900594403,0.326753267062935,0.245064950297201,,1.63376633531468,,,,655.140300461185
2025-12-04,07:50,ftse,BUY,9727,9732.5,5.5,0.8,4.84,TRUE,692.200000000001,686.26,1.31028060092237,1.63785075115296,0.491355225345889,0.327570150230593,0.245677612672944,7.20654330507304,,,,,662.346843766258
2025-12-04,09:35,ftse,BUY,9727.5,9734.5,7,0.8,5.6,TRUE,697.800000000001,686.26,1.32469368753252,1.65586710941565,0.496760132824694,0.331173421883129,0.248380066412347,9.27285581272762,,,,,671.619699578986
2025-12-04,20:55,cac,BUY,8129,8142.5,13.5,1,13.5,TRUE,711.300000000001,686.26,1.34323939915797,1.67904924894746,0.503714774684239,0.335809849789493,0.25185738734212,,22.6671648607908,,,,694.286864439777
2025-12-05,08:35,ftse,BUY,9736.5,9709.5,-27,0.8,-23.76,FALSE,687.540000000001,687.540000000001,1.38857372887955,1.73571716109944,0.520715148329833,0.347143432219888,0.260357574164916,-37.4914906797479,,,,,656.795373760029
2025-12-05,10:25,ftse,BUY,9716.5,9685.5,-31,0.8,-24.8,FALSE,662.740000000001,687.540000000001,1.31359074752006,1.64198843440007,0.492596530320021,0.328397686880014,0.246298265160011,-40.7213131731218,,,,,616.074060586907
2025-12-05,11:05,cac,BUY,8126.5,8130,3.5,1,3.5,TRUE,666.240000000001,687.540000000001,1.23214812117381,1.54018515146727,0.46205554544018,0.308037030293453,0.23102777272009,,5.39064803013544,,,,621.464708617042
2025-12-05,12:15,ftse,BUY,9686,9691.5,5.5,0.8,4.4,TRUE,670.640000000001,687.540000000001,1.24292941723408,1.55366177154261,0.466098531462782,0.310732354308521,0.233049265731391,6.83611179478747,,,,,628.30082041183
2025-12-08,06:25,nikkei,BUY,50585,50570,-15,0.15,-2.25,FALSE,668.390000000001,668.390000000001,1.25660164082366,1.57075205102957,0.471225615308872,0.314150410205915,0.235612807654436,,,,,-3.53419211481654,624.766628297013
2025-12-12,06:25,nikkei,BUY,50660,50745,85,0.15,12.75,TRUE,681.140000000001,681.140000000001,1.24953325659403,1.56191657074253,0.46857497122276,0.312383314148507,0.23428748561138,,,,,19.9144362769673,644.681064573981
2025-12-12,07:05,ftse,BUY,9739.5,9708,-31.5,0.8,-27.72,FALSE,653.420000000001,681.140000000001,1.28936212914796,1.61170266143495,0.483510798430485,0.32234053228699,0.241755399215243,-40.6149070681608,,,,,604.06615750582
2025-12-12,08:50,dax,BUY,24335,24390,55,0.37,22,TRUE,675.420000000001,681.140000000001,1.20813231501164,1.51016539376455,0.453049618129365,0.30203307875291,0.226524809064682,,,24.9177289971151,,,628.983886502935
2025-12-12,10:05,ftse,BUY,9684,9654.5,-29.5,0.8,-23.6,FALSE,651.820000000001,681.140000000001,1.25796777300587,1.57245971625734,0.471737914877201,0.314491943251468,0.235868957438601,-37.1100493036732,,,,,591.873837199262
2025-12-12,12:30,ftse,BUY,9652.5,9674.5,22,0.8,17.6,TRUE,669.420000000001,681.140000000001,1.18374767439852,1.47968459299815,0.443905377899446,0.295936918599631,0.221952688949723,26.0424488367675,,,,,617.916286036029
2025-12-15,09:00,dax,BUY,24280,24225,-55,0.37,-20.35,FALSE,649.070000000001,649.070000000001,1.23583257207206,1.54479071509007,0.463437214527022,0.308958143018015,0.231718607263511,,,-25.4890467989862,,,592.427239237043
2025-12-15,10:30,dax,BUY,24214,24240,26,0.37,9.62,TRUE,658.690000000001,649.070000000001,1.18485447847409,1.48106809809261,0.444320429427782,0.296213619618522,0.222160214713891,,,11.5523311651223,,,603.979570402166
2025-12-15,19:35,dax,BUY,24205,24108,-97,0.37,-35.89,FALSE,622.800000000001,649.070000000001,1.20795914080433,1.50994892600541,0.452984677801624,0.301989785201083,0.226492338900812,,,-43.9395137467576,,,560.040056655408
2025-12-16,07:35,ftse,BUY,9732,9700,-32,0.8,-28.16,FALSE,594.640000000001,594.640000000001,1.12008011331082,1.40010014163852,0.420030042491556,0.280020028327704,0.210015021245778,-35.8425636259461,,,,,524.197493029462
2025-12-16,11:00,ftse,BUY,9691,9696,5,0.8,4,TRUE,598.640000000001,594.640000000001,1.04839498605892,1.31049373257365,0.393148119772096,0.262098746514731,0.196574059886048,5.24197493029462,,,,,529.439467959757
2025-12-16,13:00,dax,BUY,24079,24101,22,0.37,8.8,TRUE,607.440000000001,594.640000000001,1.05887893591951,1.32359866989939,0.397079600969817,0.264719733979878,0.198539800484909,,,8.73575122133598,,,538.175219181092
2025-12-17,06:25,nikkei,SELL,49850,49815,35,0.15,5.25,TRUE,612.690000000001,612.690000000001,1.07635043836219,1.34543804795273,0.403631414385819,0.269087609590546,0.20181570719291,,,,,7.06354975175184,545.238768932844
2025-12-17,07:20,dax,BUY,24102,24054,-48,0.37,-19.2,FALSE,593.490000000001,612.690000000001,1.09047753786569,1.36309692233211,0.408929076699633,0.272619384466422,0.204464538349817,,,-19.6285956815824,,,525.610173251262
2025-12-17,09:10,cac,BUY,8088,8108,20,1,22,TRUE,615.490000000001,612.690000000001,1.05122034650252,1.31402543312815,0.394207629938446,0.262805086625631,0.197103814969223,,26.2805086625631,,,,551.890681913825
2025-12-17,12:45,dax,BUY,23977,23921,-56,0.37,-20.72,FALSE,594.77,612.690000000001,1.10378136382765,1.37972670478456,0.413918011435369,0.275945340956912,0.206959005717684,,,-23.1794086403806,,,528.711273273444
2025-12-17,20:55,dax,BUY,23914,23895,-19,0.37,-7.03,FALSE,587.740000000001,612.690000000001,1.05742254654689,1.32177818318361,0.396533454955083,0.264355636636722,0.198266727477542,,,-7.53413564414658,,,521.177137629298
2025-12-18,08:45,ftse,BUY,9785.5,9817.5,32,0.8,28.16,TRUE,615.9,615.9,1.0423542752586,1.30294284407324,0.390882853221973,0.260588568814649,0.195441426610987,33.3553368082751,,,,,554.532474437573
2025-12-22,06:55,hangseng,SELL,25951.077013,25981.22931,-30.2,0.2,-6.03,FALSE,609.870000000001,609.870000000001,1.10906494887515,1.38633118609393,0.41589935582818,0.277266237218786,0.20794967791409,,,,-8.37344036400735,,546.159034073565
2025-12-22,10:30,cac,BUY,8132,8130.5,-1.5,1,-1.65,FALSE,608.220000000001,609.870000000001,1.09231806814713,1.36539758518391,0.409619275555174,0.273079517036783,0.204809637777587,,-2.04809637777587,,,,544.11093769579
2025-12-23,06:50,ftse,BUY,9890.5,9894,3.5,0.8,3.08,TRUE,611.300000000001,611.300000000001,1.08822187539158,1.36027734423947,0.408083203271842,0.272055468847895,0.204041601635921,3.80877656387053,,,,,547.91971425966
2026-01-06,10:30,dax,BUY,25041,25034,-7,0.37,-2.59,FALSE,608.710000000001,608.710000000001,1.09583942851932,1.36979928564915,0.410939785694745,0.27395985712983,0.205469892847373,,,-2.87657849986322,,,545.043135759797
2026-01-06,12:25,dax,BUY,25036,25080,44,0.37,16.28,TRUE,624.990000000001,608.710000000001,1.09008627151959,1.36260783939949,0.408782351819848,0.272521567879898,0.204391175909924,,,17.9864234800733,,,563.02955923987
2026-01-07,08:15,ftse,BUY,10090,10059,-31,0.8,-27.28,FALSE,597.710000000001,597.710000000001,1.12605911847974,1.40757389809968,0.422272169429903,0.281514779619935,0.211136084714951,-34.907832672872,,,,,528.121726566998
2026-01-07,10:30,ftse,BUY,10053,10058.5,5.5,0.8,4.4,TRUE,602.110000000001,597.710000000001,1.056243453134,1.3203043164175,0.396091294925249,0.264060863283499,0.198045647462624,5.80933899223698,,,,,533.931065559235
2026-01-07,19:30,ftse,BUY,10038,10042,4,0.8,3.52,TRUE,605.630000000001,597.710000000001,1.06786213111847,1.33482766389809,0.400448299169427,0.266965532779618,0.200224149584713,4.27144852447388,,,,,538.202514083709
2026-01-07,20:55,cac,BUY,8248.5,8248.5,0,1,0,FALSE,605.630000000001,597.710000000001,1.07640502816742,1.34550628520927,0.403651885562782,0.269101257041855,0.201825942781391,,0,,,,538.202514083709
2026-01-08,07:30,cac,BUY,8220.5,8219.5,-1,1,-1.1,FALSE,604.53,604.53,1.07640502816742,1.34550628520927,0.403651885562782,0.269101257041855,0.201825942781391,,-1.34550628520927,,,,536.8570077985
2026-01-08,09:20,dax,BUY,25215,25270,55,0.37,20.35,TRUE,624.880000000001,604.53,1.073714015597,1.34214251949625,0.402642755848875,0.26842850389925,0.201321377924437,,,22.1453515716881,,,559.002359370188
2026-01-12,10:55,cac,BUY,8350,8361.5,11.5,1,11.5,TRUE,636.380000000001,636.380000000001,1.11800471874038,1.39750589842547,0.419251769527641,0.279501179685094,0.209625884763821,,16.0713178318929,,,,575.073677202081
2026-01-12,14:00,ftse,BUY,10137,10145,8,0.8,7.04,TRUE,643.42,636.380000000001,1.15014735440416,1.4376841930052,0.431305257901561,0.28753683860104,0.21565262895078,9.2011788352333,,,,,584.274856037314
2026-01-13,06:30,dax,BUY,25485,25531,46,0.37,18.4,TRUE,661.82,661.82,1.16854971207463,1.46068714009329,0.438206142027986,0.292137428018657,0.219103071013993,,,20.1574825332873,,,604.432338570602
2026-01-13,09:00,ftse,BUY,10135,10104,-31,0.8,-24.8,FALSE,637.02,661.82,1.2088646771412,1.5110808464265,0.453324253927951,0.302216169285301,0.226662126963976,-37.4748049913773,,,,,566.957533579224
2026-01-13,10:10,cac,BUY,8335,8350,15,1,15,TRUE,652.02,661.82,1.13391506715845,1.41739383394806,0.425218150184418,0.283478766789612,0.212609075092209,,21.2609075092209,,,,588.218441088445
2026-01-13,11:30,dax,BUY,25547,25568,21,0.37,7.77,TRUE,659.79,661.82,1.17643688217689,1.47054610272111,0.441163830816334,0.294109220544223,0.220581915408167,,,9.26444044714301,,,597.482881535588
2026-01-13,14:30,dax,BUY,25557,25491,-66,0.37,-26.4,FALSE,633.39,661.82,1.19496576307118,1.49370720383897,0.448112161151691,0.298741440767794,0.224056080575846,,,-29.5754026360116,,,567.907478899577
2026-01-14,06:55,hangseng,BUY,26905.812666,26892.802118,-13,0.2,-2.6,FALSE,630.79,630.79,1.13581495779915,1.41976869724894,0.425930609174682,0.283953739449788,0.212965304587341,,,,-3.69139861284725,,564.216080286729
2026-01-14,09:00,dax,BUY,25471,25438,-33,0.37,-13.2,FALSE,617.59,630.79,1.12843216057346,1.41054020071682,0.423162060215047,0.282108040143365,0.211581030107524,,,-13.9643479870966,,,550.251732299633
2026-01-14,10:10,ftse,BUY,10170,10173,3,0.8,2.4,TRUE,619.99,630.79,1.10050346459927,1.37562933074908,0.412688799224725,0.275125866149816,0.206344399612362,3.3015103937978,,,,,553.553242693431
2026-01-14,12:45,cac,BUY,8337.5,8331.5,-6,1,-6,FALSE,613.99,630.79,1.10710648538686,1.38388310673358,0.415164932020073,0.276776621346715,0.207582466010037,,-8.30329864040146,,,,545.249944053029
2026-01-14,13:25,dax,BUY,25389,25383,-6,0.37,-2.4,FALSE,611.59,630.79,1.09049988810606,1.36312486013257,0.408937458039772,0.272624972026515,0.204468729019886,,,-2.45362474823863,,,542.796319304791
2026-01-15,05:00,cac,BUY,8307.5,8307,-0.5,1,-0.55,FALSE,611.04,611.04,1.08559263860958,1.35699079826198,0.407097239478593,0.271398159652395,0.203548619739296,,-0.678495399130988,,,,542.11782390566
2026-01-15,06:55,cac,BUY,8305,8313,8,1,8.8,TRUE,619.84,611.04,1.08423564781132,1.35529455976415,0.406588367929245,0.27105891195283,0.203294183964622,,10.8423564781132,,,,552.960180383773
2026-01-15,09:10,ftse,BUY,10236,10244,8,0.8,7.04,TRUE,626.88,611.04,1.10592036076755,1.38240045095943,0.41472013528783,0.276480090191886,0.207360067643915,8.84736288614037,,,,,561.807543269913
2026-01-15,10:30,cac,BUY,8316.2,8309.5,-6.7,1,-6.7,FALSE,620.18,611.04,1.12361508653983,1.40451885817478,0.421355657452435,0.280903771634957,0.210677828726217,,-9.41027634977105,,,,552.397266920142
2026-01-15,12:45,ftse,BUY,10233,10239.5,6.5,0.8,5.2,TRUE,625.38,611.04,1.10479453384028,1.38099316730036,0.414297950190107,0.276198633460071,0.207148975095053,7.18116446996185,,,,,559.578431390104
2026-01-15,19:20,dax,BUY,25378,25400,22,0.37,8.14,TRUE,633.52,611.04,1.11915686278021,1.39894607847526,0.419683823542578,0.279789215695052,0.209841911771289,,,9.23304411793671,,,568.811475508041
2026-01-16,07:20,dax,BUY,25408,25408,0,0.37,0,FALSE,633.52,633.52,1.13762295101608,1.4220286887701,0.42660860663103,0.28440573775402,0.213304303315515,,,0,,,568.811475508041
2026-01-16,11:00,ftse,BUY,10236.5,10240.5,4,0.8,3.52,TRUE,637.04,633.52,1.13762295101608,1.4220286887701,0.42660860663103,0.28440573775402,0.213304303315515,4.55049180406433,,,,,573.361967312105
2026-01-20,05:30,ftse,BUY,10065.5,10078,12.5,0.8,11,TRUE,648.04,648.04,1.14672393462421,1.43340491828026,0.430021475484079,0.286680983656053,0.215010737742039,14.3340491828026,,,,,587.696016494908
2026-01-20,06:25,nikkei,BUY,52255,52260,5,0.15,0.75,TRUE,648.79,648.04,1.17539203298982,1.46924004123727,0.440772012371181,0.293848008247454,0.22038600618559,,,,,1.10193003092795,588.797946525836
2026-01-23,06:25,nikkei,BUY,53500,53470,-30,0.15,-4.5,FALSE,644.29,644.29,1.17759589305167,1.47199486631459,0.441598459894377,0.294398973262918,0.220799229947188,,,,,-6.62397689841565,582.17396962742
2026-01-23,06:55,hangseng,BUY,26751.687716,26760.695019,9,0.2,1.8,TRUE,646.09,644.29,1.16434793925484,1.45543492406855,0.436630477220565,0.29108698481371,0.218315238610282,,,,2.61978286332339,,584.793752490743
2026-01-26,06:25,nikkei,BUY,52440,52675,235,0.15,35.25,TRUE,681.34,681.34,1.16958750498149,1.46198438122686,0.438595314368057,0.292396876245372,0.219297657184029,,,,,51.5349494382468,636.32870192899
2026-01-30,05:45,hangseng,BUY,27336.507215,27428.223734,91.7,0.2,18.34,TRUE,699.68,699.68,1.27265740385798,1.59082175482248,0.477246526446742,0.318164350964495,0.238623263223371,,,,29.1756709834442,,665.504372912434
2026-02-05,06:35,hangseng,SELL,26789.198858,26688.510071,100.7,0.2,20.14,TRUE,719.82,719.82,1.33100874582487,1.66376093228109,0.499128279684326,0.332752186456217,0.249564139842163,,,,33.5081451761411,,699.012518088575
2026-02-06,06:55,hangseng,SELL,26650.627161,26663.587104,-13,0.2,-2.59,FALSE,717.23,717.23,1.39802503617715,1.74753129522144,0.524259388566431,0.349506259044288,0.262129694283216,,,,-4.54358136757574,,694.468936721
2026-02-09,06:00,nikkei,BUY,56345,56225,-120,0.15,-18,FALSE,699.23,699.23,1.388937873442,1.7361723418025,0.52085170254075,0.3472344683605,0.260425851270375,,,,,-31.251102152445,663.217834568555
2026-02-09,06:25,nikkei,BUY,56335,56365,30,0.15,4.5,TRUE,703.73,699.23,1.32643566913711,1.65804458642139,0.497413375926416,0.331608917284277,0.248706687963208,,,,,7.46120063889624,670.679035207451
2026-02-11,05:40,dax,BUY,24973,25010,37,0.37,14.8,TRUE,718.53,718.53,1.3413580704149,1.67669758801863,0.503009276405588,0.335339517603725,0.251504638202794,,,18.6113432270068,,,689.290378434458
2026-02-11,11:55,dax,BUY,24944,24958,14,0.37,5.18,TRUE,723.71,718.53,1.37858075686892,1.72322594608614,0.516967783825843,0.344645189217229,0.258483891912922,,,7.2375489735618,,,696.527927408019
2026-02-11,13:30,dax,BUY,24964,25013,49,0.37,19.6,TRUE,743.31,718.53,1.39305585481604,1.74131981852005,0.522395945556015,0.34826396370401,0.261197972778007,,,25.5974013322447,,,722.125328740264
2026-02-12,06:30,cac,BUY,8376,8390.5,14.5,1,15.95,TRUE,759.26,759.26,1.44425065748053,1.80531332185066,0.541593996555198,0.361062664370132,0.270796998277599,,26.1770431668346,,,,748.302371907099
2026-02-12,10:00,ftse,BUY,10449.5,10418,-31.5,0.8,-27.72,FALSE,731.54,759.26,1.4966047438142,1.87075592976775,0.561226778930324,0.374151185953549,0.280613389465162,-47.1430494301472,,,,,701.159322476951
2026-02-12,13:25,dax,BUY,24922,25004,82,0.37,30.34,TRUE,761.88,759.26,1.4023186449539,1.75289830619238,0.525869491857714,0.350579661238476,0.262934745928857,,,43.1212983323325,,,744.280620809284
2026-02-12,20:55,dax,BUY,24963,25015,52,0.37,19.24,TRUE,781.12,759.26,1.48856124161857,1.86070155202321,0.558210465606963,0.372140310404642,0.279105232803481,,,29.0269442115621,,,773.307565020846
2026-02-13,06:30,cac,BUY,8314.5,8313.5,-1,1,-1.1,FALSE,780.02,780.02,1.54661513004169,1.93326891255211,0.579980673765634,0.386653782510423,0.289990336882817,,-1.93326891255211,,,,771.374296108294
2026-02-13,07:55,ftse,BUY,10361,10362.5,1.5,0.8,1.32,TRUE,781.34,780.02,1.54274859221659,1.92843574027073,0.57853072208122,0.385687148054147,0.28926536104061,2.31412288832488,,,,,773.688418996619
2026-02-13,09:45,ftse,BUY,10370,10405,35,0.8,28,TRUE,809.34,780.02,1.54737683799324,1.93422104749155,0.580266314247464,0.386844209498309,0.290133157123732,54.1581893297633,,,,,827.846608326382
2026-02-13,11:25,cac,BUY,8311,8324.5,13.5,1,13.5,TRUE,822.84,780.02,1.65569321665276,2.06961652081595,0.620884956244786,0.413923304163191,0.310442478122393,,27.9398230310154,,,,855.786431357397
2026-02-16,06:55,hangseng,SELL,26478.160228,26478.160228,0,0.2,0,FALSE,822.84,822.84,1.71157286271479,2.13946607839349,0.641839823518048,0.427893215678699,0.320919911759024,,,,0,,855.786431357397
2026-02-16,09:20,ftse,BUY,10436.5,10449,12.5,0.8,10,TRUE,832.84,822.84,1.71157286271479,2.13946607839349,0.641839823518048,0.427893215678699,0.320919911759024,21.3946607839349,,,,,877.181092141332
2026-02-16,10:00,dax,BUY,24921,24856,-65,0.37,-24.05,FALSE,808.79,822.84,1.75436218428266,2.19295273035333,0.657885819105999,0.438590546070666,0.328942909553,,,-42.76257824189,,,834.418513899442
2026-02-16,12:35,dax,BUY,24855,24885,30,0.37,11.1,TRUE,819.89,822.84,1.66883702779888,2.08604628474861,0.625813885424582,0.417209256949721,0.312906942712291,,,18.7744165627375,,,853.19293046218
2026-02-16,19:25,ftse,BUY,10432.5,10438,5.5,0.8,4.4,TRUE,824.29,822.84,1.70638586092436,2.13298232615545,0.639894697846635,0.42659646523109,0.319947348923317,9.38512223508398,,,,,862.578052697264
2026-02-17,06:20,nikkei,BUY,56795,56835,40,0.15,6,TRUE,830.29,830.29,1.72515610539453,2.15644513174316,0.646933539522948,0.431289026348632,0.323466769761474,,,,,12.938670790459,875.516723487723
2026-02-18,09:05,cac,BUY,8387,8420,33,1,33,TRUE,863.29,863.29,1.75103344697545,2.18879180871931,0.656637542615792,0.437758361743861,0.328318771307896,,72.2301296877371,,,,947.74685317546
2026-02-19,09:50,dax,BUY,25079,25062,-17,0.37,-6.29,FALSE,857,857,1.89549370635092,2.36936713293865,0.710810139881595,0.47387342658773,0.355405069940797,,,-12.0837723779871,,,935.663080797473
2026-02-19,10:35,dax,BUY,25059,25068,9,0.37,3.33,TRUE,860.33,857,1.87132616159495,2.33915770199368,0.701747310598104,0.467831540398736,0.350873655299052,,,6.31572579538294,,,941.978806592855
2026-02-19,19:20,dax,BUY,25071,25113,42,0.37,15.54,TRUE,875.87,857,1.88395761318571,2.35494701648214,0.706484104944642,0.470989403296428,0.353242052472321,,,29.6723324076749,,,971.65113900053
2026-02-23,12:40,ftse,BUY,10664,10679,15,0.8,12,TRUE,887.87,887.87,1.94330227800106,2.42912784750133,0.728738354250398,0.485825569500265,0.364369177125199,29.1495341700159,,,,,1000.80067317055
2026-02-23,14:50,ftse,BUY,10670.5,10672,1.5,0.8,1.2,TRUE,889.07,887.87,2.00160134634109,2.50200168292637,0.75060050487791,0.500400336585273,0.375300252438955,3.00240201951164,,,,,1003.80307519006
2026-02-25,06:55,hangseng,SELL,26672.559372,26770.257403,-97.7,0.2,-19.54,FALSE,869.53,869.53,2.00760615038012,2.50950768797515,0.752852306392544,0.501901537595029,0.376426153196272,,,,-49.0357802230343,,954.767294967024
2026-02-25,10:50,cac,BUY,8569,8577,8,1,8,TRUE,877.53,869.53,1.90953458993405,2.38691823741756,0.716075471225268,0.477383647483512,0.358037735612634,,19.0953458993405,,,,973.862640866364
2026-02-26,10:35,ftse,BUY,10792,10826,34,0.8,27.2,TRUE,904.730000000001,904.730000000001,1.94772528173273,2.43465660216591,0.730396980649773,0.486931320433182,0.365198490324887,66.2226595789128,,,,,1040.08530044528
2026-02-27,07:25,cac,BUY,8622,8588.5,-33.5,1,-36.85,FALSE,867.880000000001,867.880000000001,2.08017060089055,2.60021325111319,0.780063975333958,0.520042650222639,0.390031987666979,,-87.107143912292,,,,952.978156532985
2026-02-27,09:30,dax,BUY,25276,25299,23,0.37,9.2,TRUE,877.080000000001,867.880000000001,1.90595631306597,2.38244539133246,0.714733617399739,0.476489078266493,0.357366808699869,,,16.438873200194,,,969.417029733179
2026-02-27,11:20,dax,BUY,25306,25245,-61,0.37,-22.57,FALSE,854.51,867.880000000001,1.93883405946636,2.42354257433295,0.727062772299884,0.48470851486659,0.363531386149942,,,-44.3508291102929,,,925.066200622886
2026-02-27,14:35,cac,BUY,8560,8557,-3,1,-3,FALSE,851.51,867.880000000001,1.85013240124577,2.31266550155722,0.693799650467165,0.462533100311443,0.346899825233582,,-6.93799650467165,,,,918.128204118214
2026-03-02,03:50,nikkei,BUY,57495,57490,-5,0.15,-0.75,FALSE,850.76,850.76,1.83625640823643,2.29532051029554,0.688596153088661,0.459064102059107,0.34429807654433,,,,,-1.72149038272165,916.406713735493
2026-03-02,06:10,nikkei,BUY,57530,57370,-160,0.15,-24,FALSE,826.76,850.76,1.83281342747099,2.29101678433873,0.68730503530162,0.458203356867746,0.34365251765081,,,,,-54.9844028241296,861.422310911363
2026-03-04,06:45,cac,SELL,8189,8180.5,8.5,1,9.35,TRUE,836.110000000001,836.110000000001,1.72284462182273,2.15355577727841,0.646066733183522,0.430711155455682,0.323033366591761,,18.3052241068665,,,,879.72753501823
2026-03-05,03:55,dax,SELL,24218,24294,-76,0.37,-30.4,FALSE,805.710000000001,805.710000000001,1.75945507003646,2.19931883754557,0.659795651263672,0.439863767509115,0.329897825631836,,,-50.1444694960391,,,829.583065522191
2026-03-05,06:55,cac,BUY,8188.5,8158,-30.5,1,-33.55,FALSE,772.160000000001,805.710000000001,1.65916613104438,2.07395766380548,0.622187299141643,0.414791532761095,0.311093649570822,,-63.255708746067,,,,766.327356776124
2026-03-05,08:15,ftse,BUY,10507.5,10476.5,-31,0.8,-27.28,FALSE,744.880000000001,805.710000000001,1.53265471355225,1.91581839194031,0.574745517582093,0.383163678388062,0.287372758791046,-47.5122961201197,,,,,718.815060656004
2026-03-05,09:30,dax,BUY,23996,23933,-63,0.37,-23.31,FALSE,721.570000000001,805.710000000001,1.43763012131201,1.79703765164001,0.539111295492003,0.359407530328002,0.269555647746001,,,-33.9640116159962,,,684.851049040008
2026-03-05,11:40,dax,BUY,23834,23776,-58,0.37,-21.46,FALSE,700.110000000001,805.710000000001,1.36970209808002,1.71212762260002,0.513638286780006,0.342425524520004,0.256819143390003,,,-29.7910206332403,,,655.060028406767
2026-03-09,04:15,hangseng,SELL,25301,25334,-33,0.2,-6.6,FALSE,693.510000000001,693.510000000001,1.31012005681354,1.63765007101692,0.491295021305076,0.327530014203384,0.245647510652538,,,,-10.8084904687117,,644.251537938056
2026-03-09,05:50,hangseng,SELL,25310,25245,65,0.2,13,TRUE,706.510000000001,693.510000000001,1.28850307587611,1.61062884484514,0.483188653453542,0.322125768969028,0.241594326726771,,,,20.9381749829868,,665.189712921043
2026-03-09,20:55,dax,SELL,23824,23758,66,0.37,24.42,TRUE,730.930000000001,693.510000000001,1.33037942584209,1.66297428230261,0.498892284690782,0.332594856460521,0.249446142345391,,,32.9268907895916,,,698.116603710634
2026-03-10,03:45,ftse,SELL,10370,10401.5,-31.5,0.8,-27.72,FALSE,703.210000000001,703.210000000001,1.39623320742127,1.74529150927659,0.523587452782976,0.349058301855317,0.261793726391488,-43.98134603377,,,,,654.135257676864
2026-03-10,08:35,cac,BUY,8018.5,8044,25.5,1,28.05,TRUE,731.26,703.210000000001,1.30827051535373,1.63533814419216,0.490601443257648,0.327067628838432,0.245300721628824,,41.7011226769001,,,,695.836380353764
2026-03-12,04:10,cac,BUY,8013,7981.5,-31.5,1,-34.65,FALSE,696.610000000001,696.610000000001,1.39167276070753,1.73959095088441,0.521877285265323,0.347918190176882,0.260938642632662,,-54.797114952859,,,,641.039265400906
2026-03-12,06:50,cac,BUY,8013.5,8020,6.5,1,7.15,TRUE,703.76,696.610000000001,1.28207853080181,1.60259816350226,0.480779449050679,0.320519632700453,0.24038972452534,,10.4168880627647,,,,651.45615346367
2026-03-12,07:25,dax,SELL,23626,23582,44,0.37,17.6,TRUE,721.360000000001,696.610000000001,1.30291230692734,1.62864038365918,0.488592115097753,0.325728076731835,0.244296057548876,,,21.4980530643011,,,672.954206527971
2026-03-12,08:55,cac,BUY,8003.5,7974.5,-29,1,-31.9,FALSE,689.460000000001,696.610000000001,1.34590841305594,1.68238551631993,0.504715654895979,0.336477103263986,0.252357827447989,,-48.7891799732779,,,,624.165026554693
2026-03-12,14:35,dax,SELL,23581,23594,-13,0.37,-5.2,FALSE,684.26,696.610000000001,1.24833005310939,1.56041256638673,0.46812376991602,0.312082513277347,0.23406188495801,,,-6.08560900890826,,,618.079417545785
2026-03-12,20:55,dax,SELL,23649,23636,13,0.37,4.81,TRUE,689.07,696.610000000001,1.23615883509157,1.54519854386446,0.463559563159339,0.309039708772893,0.231779781579669,,,6.02627432107141,,,624.105691866857
2026-03-13,08:35,ftse,SELL,10317.5,10353,-35.5,0.8,-31.24,FALSE,657.83,657.83,1.24821138373371,1.56026422966714,0.468079268900142,0.312052845933428,0.234039634450071,-44.3115041225468,,,,,579.79418774431
2026-03-13,10:30,ftse,SELL,10320.5,10281,39.5,0.8,31.6,TRUE,689.43,657.83,1.15958837548862,1.44948546936077,0.434845640808232,0.289897093872155,0.217422820404116,45.8037408318005,,,,,625.59792857611
2026-03-16,07:10,dax,SELL,23498,23587,-89,0.37,-35.6,FALSE,653.83,653.83,1.25119585715222,1.56399482144028,0.469198446432083,0.312798964288055,0.234599223216041,,,-41.7586617324554,,,583.839266843655
2026-03-16,08:45,dax,SELL,23588,23675,-87,0.37,-34.8,FALSE,619.03,653.83,1.16767853368731,1.45959816710914,0.437879450132741,0.291919633421828,0.218939725066371,,,-38.0955121615485,,,545.743754682106
2026-03-16,14:55,dax,SELL,23631,23643,-12,0.37,-4.44,FALSE,614.59,653.83,1.09148750936421,1.36435938670527,0.40930781601158,0.272871877341053,0.20465390800579,,,-4.91169379213896,,,540.832060889967
2026-03-17,03:50,ftse,BUY,10322.5,10330,7.5,0.8,6.6,TRUE,621.19,621.19,1.08166412177993,1.35208015222492,0.405624045667476,0.270416030444984,0.202812022833738,8.11248091334951,,,,,548.944541803317
2026-03-17,05:00,dax,BUY,23508,23614,106,0.37,42.4,TRUE,663.59,621.19,1.09788908360663,1.37236135450829,0.411708406352488,0.274472270901658,0.205854203176244,,,43.6410910733637,,,592.585632876681
2026-03-17,08:05,cac,SELL,7974.5,8011,-36.5,1,-40.15,FALSE,623.44,621.19,1.18517126575336,1.4814640821917,0.44443922465751,0.29629281643834,0.222219612328755,,-54.0734389999971,,,,538.512193876684
2026-03-17,20:55,cac,SELL,7975,7969.5,5.5,1,5.5,TRUE,628.94,621.19,1.07702438775337,1.34628048469171,0.403884145407513,0.269256096938342,0.201942072703756,,7.4045426658044,,,,545.916736542488
2026-03-18,14:50,cac,SELL,7971,7916.5,54.5,1,54.5,TRUE,683.44,683.44,1.09183347308498,1.36479184135622,0.409437552406866,0.272958368271244,0.204718776203433,,74.381155353914,,,,620.297891896402
2026-03-19,06:50,hangseng,SELL,25452,25364,88,0.2,17.6,TRUE,701.04,701.04,1.2405957837928,1.550744729741,0.465223418922301,0.310148945948201,0.232611709461151,,,,27.2931072434417,,647.590999139844
2026-03-19,07:10,dax,SELL,23152,23111,41,0.37,16.4,TRUE,717.44,701.04,1.29518199827969,1.61897749784961,0.485693249354883,0.323795499569922,0.242846624677441,,,19.9134232235502,,,667.504422363394
2026-03-20,06:55,hangseng,SELL,25152,25153,-1,0.2,-0.2,FALSE,717.24,717.24,1.33500884472679,1.66876105590848,0.500628316772545,0.333752211181697,0.250314158386273,,,,-0.333752211181697,,667.170670152212
2026-03-20,09:30,cac,SELL,7827.5,7718,109.5,1,120.45,TRUE,837.69,717.24,1.33434134030442,1.66792667538053,0.500378002614159,0.333585335076106,0.25018900130708,,182.637970954168,,,,849.80864110638
2026-03-23,06:30,dax,SELL,22981,23173,-192,0.37,-76.8,FALSE,760.89,760.89,1.69961728221276,2.12452160276595,0.637356480829785,0.42490432055319,0.318678240414893,,,-122.372444319319,,,727.436196787061
2026-03-23,09:20,cac,SELL,7796.5,7833,-36.5,1,-40.15,FALSE,720.740000000001,760.89,1.45487239357412,1.81859049196765,0.545577147590296,0.363718098393531,0.272788573795148,,-66.3785529568194,,,,661.057643830242
2026-03-23,09:45,dax,SELL,23104,23188,-84,0.37,-31.08,FALSE,689.66,760.89,1.32211528766048,1.65264410957561,0.495793232872681,0.330528821915121,0.247896616436341,,,-41.6466315613052,,,619.411012268937
2026-03-23,10:00,dax,SELL,23184,23265,-81,0.37,-29.97,FALSE,659.69,760.89,1.23882202453787,1.54852753067234,0.464558259201702,0.309705506134468,0.232279129600851,,,-37.6292189953379,,,581.781793273599
2026-03-23,11:40,cac,SELL,7825,7744.5,80.5,1,80.5,TRUE,740.19,760.89,1.1635635865472,1.454454483184,0.436336344955199,0.290890896636799,0.2181681724776,,117.083585896312,,,,698.865379169911
2026-03-24,05:25,nikkei,BUY,52390,52510,120,0.15,18,TRUE,758.19,758.19,1.39773075833982,1.74716344792478,0.524149034377433,0.349432689584955,0.262074517188717,,,,,31.448942062646,730.314321232557
2026-03-24,06:40,cac,BUY,7707.5,7732.5,25,1,27.5,TRUE,785.69,758.19,1.46062864246511,1.82578580308139,0.547735740924418,0.365157160616278,0.273867870462209,,45.6446450770348,,,,775.958966309591
2026-03-24,06:50,hangseng,BUY,24980,24915,-65,0.2,-13,FALSE,772.69,758.19,1.55191793261918,1.93989741577398,0.581969224732194,0.387979483154796,0.290984612366097,,,,-25.2186664050617,,750.74029990453
2026-03-24,06:50,cac,BUY,7749.5,7730,-19.5,1,-21.45,FALSE,751.24,758.19,1.50148059980906,1.87685074976132,0.563055224928397,0.375370149952265,0.281527612464199,,-36.5985896203458,,,,714.141710284184
2026-03-24,07:30,cac,BUY,7752,7716,-36,1,-39.6,FALSE,711.64,758.19,1.42828342056837,1.78535427571046,0.535606282713138,0.357070855142092,0.267803141356569,,-64.2727539255765,,,,649.868956358607
2026-03-24,08:45,dax,BUY,22619,22555,-64,0.37,-23.68,FALSE,687.96,758.19,1.29973791271721,1.62467239089652,0.487401717268955,0.324934478179304,0.243700858634478,,,-31.1937099052131,,,618.675246453394
2026-03-24,09:45,dax,BUY,22588,22680,92,0.37,34.04,TRUE,722,758.19,1.23735049290679,1.54668811613349,0.464006434840046,0.309337623226697,0.232003217420023,,,42.6885920052842,,,661.363838458678
2026-03-24,13:45,dax,BUY,22730,22812,82,0.37,32.8,TRUE,754.8,758.19,1.32272767691736,1.6534095961467,0.496022878844009,0.330681919229339,0.248011439422004,,,40.6738760652087,,,702.037714523887
2026-03-25,12:40,dax,SELL,23134,23181,-47,0.37,-18.8,FALSE,736,736,1.40407542904777,1.75509428630972,0.526528285892915,0.351018857261944,0.263264142946458,,,-24.746829436967,,,677.29088508692
2026-03-26,03:45,nikkei,BUY,53220,53065,-155,0.15,-23.25,FALSE,712.75,712.75,1.35458177017384,1.6932272127173,0.50796816381519,0.33864544254346,0.253984081907595,,,,,-39.3675326956772,637.923352391243
2026-03-26,04:25,cac,BUY,7810.5,7776.5,-34,1,-37.4,FALSE,675.35,712.75,1.27584670478249,1.59480838097811,0.478442514293432,0.318961676195621,0.239221257146716,,-54.2234849532556,,,,583.699867437987
2026-03-26,11:05,dax,SELL,22969,22887,82,0.37,30.34,TRUE,705.69,712.75,1.16739973487597,1.45924966859497,0.43777490057849,0.291849933718994,0.218887450289245,,,35.8975418474362,,,619.597409285423
2026-03-30,06:25,hangseng,SELL,24725,24799,-74,0.2,-14.8,FALSE,690.89,690.89,1.23919481857085,1.54899352321356,0.464698056964067,0.309798704642712,0.232349028482034,,,,-22.9251041435607,,596.672305141863
2026-03-30,07:25,nikkei,SELL,51950,51965,-15,0.15,-2.25,FALSE,688.64,690.89,1.19334461028373,1.49168076285466,0.447504228856397,0.298336152570931,0.223752114428198,,,,,-3.35628171642298,593.31602342544
2026-03-30,10:00,ftse,SELL,10104.5,10142,-37.5,0.8,-30,FALSE,658.64,690.89,1.18663204685088,1.4832900585636,0.44498701756908,0.29665801171272,0.22249350878454,-44.498701756908,,,,,548.817321668532
2026-03-30,10:45,cac,SELL,7757,7791,-34,1,-34,FALSE,624.64,690.89,1.09763464333706,1.37204330417133,0.411612991251399,0.274408660834266,0.205806495625699,,-46.6494723418252,,,,502.167849326706
2026-03-30,12:40,dax,SELL,22758,22686,72,0.37,26.64,TRUE,651.28,690.89,1.00433569865341,1.25541962331677,0.37662588699503,0.251083924663353,0.188312943497515,,,27.1170638636421,,,529.284913190349
2026-03-31,06:45,hangseng,BUY,24732,24813,81,0.2,16.2,TRUE,667.480000000001,667.480000000001,1.0585698263807,1.32321228297587,0.396963684892761,0.264642456595174,0.198481842446381,,,,21.4360389842091,,550.720952174558
2026-04-07,06:30,nikkei,BUY,53600,53405,-195,0.15,-29.25,FALSE,638.230000000001,638.230000000001,1.10144190434912,1.37680238043639,0.413040714130918,0.275360476087279,0.206520357065459,,,,,-40.2714696277645,510.449482546793
2026-04-07,07:05,nikkei,BUY,53430,53345,-85,0.15,-12.75,FALSE,625.480000000001,638.230000000001,1.02089896509359,1.27612370636698,0.382837111910095,0.255224741273397,0.191418555955047,,,,,-16.270577256179,494.178905290614
2026-04-07,07:25,nikkei,BUY,53450,53575,125,0.15,18.75,TRUE,644.230000000001,638.230000000001,0.988357810581228,1.23544726322654,0.370634178967961,0.247089452645307,0.18531708948398,,,,,23.1646361854975,517.343541476112
2026-04-13,06:50,ftse,BUY,10582,10554.5,-27.5,0.8,-24.2,FALSE,620.03,620.03,1.03468708295222,1.29335885369028,0.388007656107084,0.258671770738056,0.194003828053542,-28.4538947811861,,,,,488.889646694925
2026-04-13,07:35,ftse,BUY,10558,10564.5,6.5,0.8,5.72,TRUE,625.750000000001,620.03,0.977779293389851,1.22222411673731,0.366667235021194,0.244444823347463,0.183333617510597,6.35556540703403,,,,,495.245212101959
2026-04-13,07:55,hangseng,BUY,25656,25633,-23,0.2,-4.6,FALSE,621.15,620.03,0.990490424203919,1.2381130302549,0.37143390907647,0.24762260605098,0.185716954538235,,,,-5.69531993917253,,489.549892162787
2026-04-13,20:55,cac,BUY,8267,8266.5,-0.5,1,-0.5,FALSE,620.65,620.03,0.979099784325574,1.22387473040697,0.36716241912209,0.244774946081394,0.183581209561045,,-0.611937365203484,,,,488.937954797584
2026-04-14,08:00,ftse,BUY,10600,10611.5,11.5,0.8,10.12,TRUE,630.77,630.77,0.977875909595167,1.22234488699396,0.366703466098188,0.244468977398792,0.183351733049094,11.2455729603444,,,,,500.183527757928
2026-04-14,09:15,ftse,BUY,10614.5,10616.5,2,0.8,1.6,TRUE,632.370000000001,630.77,1.00036705551586,1.25045881939482,0.375137645818446,0.250091763878964,0.187568822909223,2.00073411103171,,,,,502.18426186896
2026-04-15,07:00,ftse,BUY,10633.5,10635,1.5,0.8,1.32,TRUE,633.690000000001,633.690000000001,1.00436852373792,1.2554606546724,0.37663819640172,0.25109213093448,0.18831909820086,1.50655278560688,,,,,503.690814654566
2026-04-15,07:55,hangseng,BUY,25955,25978,23,0.2,4.6,TRUE,638.290000000001,633.690000000001,1.00738162930913,1.25922703663642,0.377768110990925,0.251845407327283,0.188884055495462,,,,5.79244436852751,,509.483259023094
2026-04-15,08:40,dax,BUY,24243,24243,0,0.37,0,FALSE,638.290000000001,633.690000000001,1.01896651804619,1.27370814755774,0.38211244426732,0.254741629511547,0.19105622213366,,,0,,,509.483259023094
2026-04-15,09:00,cac,BUY,8275,8277.7,2.7,1,2.7,TRUE,640.990000000001,633.690000000001,1.01896651804619,1.27370814755774,0.38211244426732,0.254741629511547,0.19105622213366,,3.43901199840589,,,,512.9222710215
2026-04-15,20:55,cac,BUY,8280,8258.5,-21.5,1,-21.5,FALSE,619.490000000001,633.690000000001,1.025844542043,1.28230567755375,0.384691703266125,0.25646113551075,0.192345851633062,,-27.5695720674056,,,,485.352698954094
2026-04-16,10:25,dax,BUY,24291,24315,24,0.37,8.88,TRUE,628.370000000001,628.370000000001,0.970705397908189,1.21338174738524,0.364014524215571,0.242676349477047,0.182007262107785,,,8.7363485811737,,,494.089047535268
2026-04-16,14:55,cac,BUY,8253.5,8261.5,8,1,8,TRUE,636.370000000001,628.370000000001,0.988178095070536,1.23522261883817,0.370566785651451,0.247044523767634,0.185283392825725,,9.88178095070536,,,,503.970828485973
2026-04-17,08:20,ftse,BUY,10568.5,10660,91.5,0.8,80.52,TRUE,716.890000000001,716.890000000001,1.00794165697195,1.25992707121493,0.37797812136448,0.251985414242987,0.18898906068224,92.2266616129331,,,,,596.197490098906
2026-04-20,07:05,ftse,BUY,10605.5,10607,1.5,0.8,1.32,TRUE,718.210000000001,718.210000000001,1.19239498019781,1.49049372524727,0.44714811757418,0.298098745049453,0.22357405878709,1.78859247029672,,,,,597.986082569203
2026-04-20,07:25,nikkei,BUY,58880,59000,120,0.15,18,TRUE,736.210000000001,718.210000000001,1.19597216513841,1.49496520642301,0.448489561926902,0.298993041284602,0.224244780963451,,,,,26.9093737156141,624.895456284817
2026-04-20,08:40,dax,BUY,24531,24620,89,0.37,35.6,TRUE,771.810000000001,718.210000000001,1.24979091256963,1.56223864071204,0.468671592213613,0.312447728142409,0.234335796106807,,,41.7117717070116,,,666.607227991829
2026-04-20,12:30,ftse,BUY,10607.5,10610.5,3,0.8,2.4,TRUE,774.210000000001,718.210000000001,1.33321445598366,1.66651806997957,0.499955420993872,0.333303613995914,0.249977710496936,3.99964336795097,,,,,670.60687135978
2026-04-20,19:20,ftse,BUY,10618.5,10632,13.5,0.8,11.88,TRUE,786.090000000001,718.210000000001,1.34121374271956,1.67651717839945,0.502955153519835,0.33530343567989,0.251477576759917,18.1063855267141,,,,,688.713256886494
2026-04-21,07:50,hangseng,BUY,26495,26410,-85,0.2,-17,FALSE,769.090000000001,769.090000000001,1.37742651377299,1.72178314221623,0.51653494266487,0.344356628443247,0.258267471332435,,,,-29.270313417676,,659.442943468818
2026-04-21,09:25,cac,BUY,8231.5,8199.5,-32,1,-35.2,FALSE,733.890000000001,769.090000000001,1.31888588693764,1.64860735867204,0.494582207601613,0.329721471734409,0.247291103800807,,-52.7554354775054,,,,606.687507991312
2026-04-21,10:35,dax,BUY,24452,24397,-55,0.37,-20.35,FALSE,713.540000000001,769.090000000001,1.21337501598262,1.51671876997828,0.455015630993484,0.303343753995656,0.227507815496742,,,-25.0258597046416,,,581.661648286671
2026-04-21,12:05,dax,BUY,24403,24340,-63,0.37,-23.31,FALSE,690.230000000001,769.090000000001,1.16332329657334,1.45415412071668,0.436246236215003,0.290830824143335,0.218123118107501,,,-27.4835128815452,,,554.178135405126
2026-04-21,14:10,dax,BUY,24319,24352,33,0.37,13.2,TRUE,703.430000000001,769.090000000001,1.10835627081025,1.38544533851281,0.415633601553844,0.277089067702563,0.207816800776922,,,13.7159088512769,,,567.894044256402
2026-04-22,06:40,hangseng,BUY,26170,26190,20,0.2,4,TRUE,707.430000000001,707.430000000001,1.1357880885128,1.41973511064101,0.425920533192302,0.283947022128201,0.212960266596151,,,,5.67894044256402,,573.572984698966
2026-04-22,07:15,dax,BUY,24359,24435,76,0.37,30.4,TRUE,737.830000000001,707.430000000001,1.14714596939793,1.43393246174742,0.430179738524225,0.286786492349483,0.215089869262112,,,32.6936601278411,,,606.266644826808
2026-04-22,09:30,dax,BUY,24400,24379,-21,0.37,-7.77,FALSE,730.060000000001,707.430000000001,1.21253328965362,1.51566661206702,0.454699983620106,0.303133322413404,0.227349991810053,,,-9.54869965602222,,,596.717945170785
2026-04-22,09:50,dax,BUY,24397,24326,-71,0.37,-26.27,FALSE,703.790000000001,707.430000000001,1.19343589034157,1.49179486292696,0.447538458878089,0.298358972585393,0.223769229439044,,,-31.7752305803443,,,564.942714590441
2026-04-22,10:40,cac,BUY,8094,8063.5,-30.5,1,-30.5,FALSE,673.290000000001,707.430000000001,1.12988542918088,1.4123567864761,0.423707035942831,0.28247135729522,0.211853517971415,,-43.0768819875211,,,,521.86583260292
2026-04-22,11:40,cac,BUY,8074.5,8098,23.5,1,23.5,TRUE,696.790000000001,707.430000000001,1.04373166520584,1.3046645815073,0.39139937445219,0.26093291630146,0.195699687226095,,30.6596176654215,,,,552.525450268341
2026-04-22,20:55,cac,BUY,8109,8112.5,3.5,1,3.5,TRUE,700.290000000001,707.430000000001,1.10505090053668,1.38131362567085,0.414394087701256,0.276262725134171,0.207197043850628,,4.83459768984799,,,,557.360047958189
2026-04-23,07:20,hangseng,BUY,25887,25973,86,0.2,17.2,TRUE,717.490000000001,717.490000000001,1.11472009591638,1.39340011989547,0.418020035968642,0.278680023979095,0.209010017984321,,,,23.9664820622021,,581.326530020392
2026-04-23,13:45,cac,BUY,8071.5,8095.5,24,1,26.4,TRUE,743.890000000001,717.490000000001,1.16265306004078,1.45331632505098,0.435994897515294,0.290663265010196,0.217997448757647,,34.8795918012235,,,,616.206121821615
2026-04-23,20:55,cac,BUY,8100,8100,0,1,0,FALSE,743.890000000001,717.490000000001,1.23241224364323,1.54051530455404,0.462154591366211,0.308103060910807,0.231077295683106,,0,,,,616.206121821615
2026-04-28,07:25,nikkei,BUY,59335,59235,-100,0.15,-15,FALSE,728.890000000001,728.890000000001,1.23241224364323,1.54051530455404,0.462154591366211,0.308103060910807,0.231077295683106,,,,,-23.1077295683106,593.098392253304
2026-05-04,06:35,nikkei,BUY,59300,59610,310,0.15,46.5,TRUE,775.390000000001,775.390000000001,1.18619678450661,1.48274598063326,0.444823794189978,0.296549196126652,0.222411897094989,,,,,68.9476880994466,662.046080352751
2026-05-07,07:55,hangseng,BUY,26444,26475,31,0.2,6.2,TRUE,781.590000000001,781.590000000001,1.3240921607055,1.65511520088188,0.496534560264563,0.331023040176376,0.248267280132282,,,,10.2617142454676,,672.307794598219
2026-05-08,07:45,hangseng,BUY,26285,26330,45,0.2,9,TRUE,790.590000000001,790.590000000001,1.34461558919644,1.68076948649555,0.504230845948664,0.336153897299109,0.252115422974332,,,,15.1269253784599,,687.434719976679
2026-05-12,07:25,nikkei,BUY,62510,62415,-95,0.15,-14.25,FALSE,776.340000000001,776.340000000001,1.37486943995336,1.7185867999417,0.515576039982509,0.343717359988339,0.257788019991254,,,,,-24.4898618991692,662.944858077509
2026-05-15,04:45,nikkei,BUY,61840,61680,-160,0.15,-24,FALSE,752.340000000001,752.340000000001,1.32588971615502,1.65736214519377,0.497208643558132,0.331472429038755,0.248604321779066,,,,,-39.7766914846506,623.168166592859
2026-05-15,05:25,nikkei,BUY,61815,61875,60,0.15,9,TRUE,761.340000000001,752.340000000001,1.24633633318572,1.55792041648215,0.467376124944644,0.311584083296429,0.233688062472322,,,,,14.0212837483393,637.189450341198
2026-05-18,06:05,nikkei,BUY,61065,60885,-180,0.15,-27,FALSE,734.340000000001,734.340000000001,1.2743789006824,1.592973625853,0.477892087755899,0.318594725170599,0.238946043877949,,,,,-43.0102878980309,594.179162443167
2026-05-18,06:50,nikkei,BUY,60975,61325,350,0.15,52.5,TRUE,786.840000000001,734.340000000001,1.18835832488633,1.48544790610792,0.445634371832375,0.297089581221584,0.222817185916188,,,,,77.9860150706657,672.165177513833
2026-05-19,05:00,nikkei,BUY,60556.4,60378.8,-177.6,0.15,-26.64,FALSE,760.200000000001,760.200000000001,1.34433035502767,1.68041294378458,0.504123883135375,0.336082588756917,0.252061941567687,,,,,-44.7662008224213,627.398976691412
2026-05-19,06:40,nikkei,BUY,60487.8,60523.8,36,0.15,5.4,TRUE,765.600000000001,760.200000000001,1.25479795338282,1.56849744172853,0.470549232518559,0.313699488345706,0.235274616259279,,,,,8.46988618533406,635.868862876746
2026-05-19,07:25,nikkei,BUY,60511.4,60688.6,177.2,0.15,26.58,TRUE,792.180000000001,760.200000000001,1.27173772575349,1.58967215719186,0.476901647157559,0.317934431438373,0.23845082357878,,,,,42.2534859381598,678.122348814906
2026-05-20,06:35,hangseng,SELL,25624.7,25641.7,-17,0.2,-3.4,FALSE,788.780000000001,788.780000000001,1.35624469762981,1.69530587203726,0.508591761611179,0.339061174407453,0.25429588080559,,,,-5.7640399649267,,672.358308849979
2026-05-20,07:55,hangseng,SELL,25598.9,25623.4,-24.5,0.2,-4.9,FALSE,783.880000000001,788.780000000001,1.34471661769996,1.68089577212495,0.504268731637484,0.336179154424989,0.252134365818742,,,,-8.23638928341224,,664.121919566567
2026-05-21,04:15,hangseng,SELL,25781.1,25659,122.1,0.2,24.42,TRUE,808.300000000001,808.300000000001,1.32824383913313,1.66030479891642,0.498091439674925,0.332060959783283,0.249045719837463,,,,40.5446431895389,,704.666562756106
2026-05-26,06:25,nikkei,BUY,65039.1,65069.2,30.1,0.15,4.51,TRUE,812.810000000001,812.810000000001,1.40933312551221,1.76166640689026,0.528499922067079,0.352333281378053,0.26424996103354,,,,,7.95392382710954,712.620486583215
2026-05-26,07:25,nikkei,BUY,64970.7,64926,-44.7,0.15,-6.7,FALSE,806.110000000001,812.810000000001,1.42524097316643,1.78155121645804,0.534465364937411,0.356310243291608,0.267232682468706,,,,,-11.9453009063511,700.675185676864
2026-05-26,08:30,dax,BUY,25327.5,25264.5,-63,0.37,-23.31,FALSE,782.800000000001,812.810000000001,1.40135037135373,1.75168796419216,0.525506389257648,0.350337592838432,0.262753194628824,,,-33.1069025232318,,,667.568283153632
2026-05-26,09:05,dax,BUY,25305.1,25223.9,-81.2,0.37,-30.04,FALSE,752.760000000001,812.810000000001,1.33513656630726,1.66892070788408,0.500676212365224,0.333784141576816,0.250338106182612,,,-40.6549084440562,,,626.913374709576
2026-05-26,11:45,dax,BUY,25196.4,25253.6,57.2,0.37,21.16,TRUE,773.920000000001,812.810000000001,1.25382674941915,1.56728343677394,0.470185031032182,0.313456687354788,0.235092515516091,,,26.8945837750408,,,653.807958484617
2026-05-26,14:45,ftse,BUY,10520.6,10545.1,24.5,0.8,19.6,TRUE,793.520000000001,812.810000000001,1.30761591696923,1.63451989621154,0.490355968863463,0.326903979242308,0.245177984431731,32.0365899657462,,,,,685.844548450363
2026-05-26,16:25,ftse,BUY,10500.5,10500.7,0.2,0.8,0.16,TRUE,793.680000000001,812.810000000001,1.37168909690073,1.71461137112591,0.514383411337772,0.342922274225181,0.257191705668886,0.274337819380145,,,,,686.118886269743
2026-05-26,20:55,ftse,BUY,10499.1,10504.8,5.7,0.8,4.56,TRUE,798.240000000001,812.810000000001,1.37223777253949,1.71529721567436,0.514589164702307,0.343059443134871,0.257294582351154,7.82175530347507,,,,,693.940641573218
2026-05-27,04:00,hangseng,SELL,25568.1,25445.4,122.7,0.2,24.54,TRUE,822.780000000001,822.780000000001,1.38788128314644,1.73485160393304,0.520455481179914,0.346970320786609,0.260227740589957,,,,42.5732583605169,,736.513899933735
2026-05-27,05:55,nikkei,BUY,65503.6,65311.4,-192.2,0.15,-28.83,FALSE,793.950000000001,822.780000000001,1.47302779986747,1.84128474983434,0.552385424950301,0.368256949966867,0.276192712475151,,,,,-53.0842393377239,683.429660596011
2026-05-27,06:20,nikkei,BUY,65350.5,65356.2,5.7,0.15,0.85,TRUE,794.800000000001,822.780000000001,1.36685932119202,1.70857415149003,0.512572245447008,0.341714830298006,0.256286122723504,,,,,1.46083089952397,684.890491495535
2026-05-27,07:05,nikkei,BUY,65370.4,65219.4,-151,0.15,-22.65,FALSE,772.150000000001,822.780000000001,1.36978098299107,1.71222622873884,0.513667868621651,0.342445245747767,0.256833934310826,,,,,-38.7819240809347,646.1085674146
2026-05-28,04:50,nikkei,BUY,64367.6,64355.3,-12.3,0.15,-1.84,FALSE,770.310000000001,770.310000000001,1.2922171348292,1.6152714185365,0.48458142556095,0.3230542837073,0.242290712780475,,,,,-2.98017576719984,643.1283916474
2026-05-28,05:10,nikkei,BUY,64137.7,64000.9,-136.8,0.15,-20.52,FALSE,749.790000000001,770.310000000001,1.2862567832948,1.6078209791185,0.48234629373555,0.3215641958237,0.241173146867775,,,,,-32.9924864915116,610.135905155889
2026-05-28,07:05,nikkei,BUY,63967.1,64621.7,654.6,0.15,98.19,TRUE,847.980000000001,770.310000000001,1.22027181031178,1.52533976288972,0.457601928866917,0.305067952577944,0.228800964433458,,,,,149.773111318142,759.909016474031
2026-06-01,07:55,hangseng,SELL,25335.7,25422.2,-86.5,0.2,-17.3,FALSE,830.680000000001,830.680000000001,1.51981803294806,1.89977254118508,0.569931762355523,0.379954508237015,0.284965881177761,,,,-32.8660649625018,,727.042951511529
2026-06-02,06:50,nikkei,BUY,65866.3,66674.5,808.2,0.15,121.23,TRUE,951.910000000001,951.910000000001,1.45408590302306,1.81760737877882,0.545282213633647,0.363521475755764,0.272641106816823,,,,,220.348542529357,947.391494040885
2026-06-03,07:55,hangseng,BUY,25587.7,25603.3,15.6,0.2,3.12,TRUE,955.030000000001,955.030000000001,1.89478298808177,2.36847873510221,0.710543620530664,0.473695747020443,0.355271810265332,,,,7.38965365351891,,954.781147694404
2026-06-11,05:40,nikkei,SELL,64025.4,64204.8,-179.4,0.15,-26.91,FALSE,928.120000000001,928.120000000001,1.90956229538881,2.38695286923601,0.716085860770803,0.477390573847202,0.358042930385402,,,,,-64.232901711141,890.548245983263
2026-06-12,07:55,hangseng,SELL,24692,24585.9,106.1,0.2,21.22,TRUE,949.340000000001,949.340000000001,1.78109649196653,2.22637061495816,0.667911184487447,0.445274122991632,0.333955592243724,,,,47.2435844494121,,937.791830432675
2026-06-16,07:45,ftse,BUY,10426.9,10436.5,9.6,0.8,8.45,TRUE,957.790000000001,957.790000000001,1.87558366086535,2.34447957608169,0.703343872824506,0.468895915216338,0.351671936412253,18.0056031443074,,,,,955.797433576983
2026-06-16,20:10,dax,BUY,24839.7,24776.7,-63,0.37,-23.31,FALSE,934.480000000001,957.790000000001,1.91159486715396,2.38949358394246,0.716848075182737,0.477898716788491,0.358424037591368,,,-45.1614287365124,,,910.63600484047
2026-06-16,20:55,dax,BUY,24790.7,24772.6,-18.1,0.37,-6.7,FALSE,927.780000000001,957.790000000001,1.82127200968094,2.27659001210118,0.682977003630353,0.455318002420235,0.341488501815176,,,-12.3618837657094,,,898.274121074761
2026-06-17,11:00,dax,SELL,24842.5,24916.5,-74,0.37,-29.6,FALSE,898.180000000001,898.180000000001,1.79654824214952,2.2456853026869,0.67370559080607,0.44913706053738,0.336852795403035,,,-49.8542137196492,,,848.419907355111
2026-06-18,09:20,ftse,BUY,10449,10417.3,-31.7,0.8,-25.36,FALSE,872.820000000001,872.820000000001,1.69683981471022,2.12104976838778,0.636314930516334,0.424209953677556,0.318157465258167,-53.7898221263141,,,,,794.630085228797
2026-06-18,13:35,ftse,BUY,10401.4,10406.3,4.9,0.8,3.92,TRUE,876.740000000001,872.820000000001,1.58926017045759,1.98657521307199,0.595972563921598,0.397315042614399,0.297986281960799,7.78737483524221,,,,,802.41746006404
2026-06-19,05:30,nikkei,BUY,71235.7,71084.4,-151.3,0.15,-22.7,FALSE,854.040000000001,854.040000000001,1.60483492012808,2.0060436501601,0.60181309504803,0.40120873003202,0.300906547524015,,,,,-45.5271606403834,756.890299423656
2026-06-19,07:25,nikkei,BUY,70918.6,71201.6,283,0.15,42.45,TRUE,896.490000000001,854.040000000001,1.51378059884731,1.89222574855914,0.567667724567742,0.378445149711828,0.283833862283871,,,,,80.3249830263355,837.215282449992
2026-06-22,07:55,hangseng,SELL,23762.4,23846.3,-83.9,0.2,-16.78,FALSE,879.710000000001,879.710000000001,1.67443056489998,2.09303820612498,0.627911461837494,0.418607641224996,0.313955730918747,,,,-35.1211810987772,,802.094101351215
2026-06-23,02:35,hangseng,BUY,23818.2,23713.1,-105.1,0.2,-21.02,FALSE,858.690000000001,858.690000000001,1.60418820270243,2.00523525337804,0.601570576013411,0.401047050675607,0.300785288006705,,,,-42.1500450260063,,759.944056325208
2026-06-23,05:20,nikkei,BUY,71429.9,71202.9,-227,0.15,-34.05,FALSE,824.640000000001,858.690000000001,1.51988811265042,1.89986014081302,0.569958042243906,0.379972028162604,0.284979021121953,,,,,-64.6902377946833,695.253818530525
2026-06-23,06:55,nikkei,BUY,70519.4,70330.5,-188.9,0.15,-28.33,FALSE,796.310000000001,858.690000000001,1.39050763706105,1.73813454632631,0.521440363897894,0.347626909265262,0.260720181948947,,,,,-49.2500423701561,646.003776160369
2026-06-23,07:10,nikkei,BUY,70327.1,70107.5,-219.6,0.15,-32.94,FALSE,763.370000000001,858.690000000001,1.29200755232074,1.61500944040092,0.484502832120277,0.323001888080184,0.242251416060138,,,,,-53.1984109668064,592.805365193563
2026-06-24,07:55,hangseng,SELL,23440.5,23443.1,-2.6,0.2,-0.52,FALSE,762.850000000001,762.850000000001,1.18561073038712,1.48201341298391,0.444604023895172,0.296402682596781,0.222302011947586,,,,-0.770646974751631,,592.034718218811
2026-06-26,07:25,nikkei,BUY,68953.4,69166.3,212.9,0.15,31.94,TRUE,794.790000000001,794.790000000001,1.18406943643762,1.48008679554703,0.444026038664108,0.296017359109405,0.222013019332054,,,,,47.2665718157943,639.301290034605
2026-06-26,13:05,dax,BUY,24724,24663.3,-60.7,0.37,-22.46,FALSE,772.330000000001,794.790000000001,1.27860258006921,1.59825322508651,0.479475967525954,0.319650645017303,0.239737983762977,,,-29.1041912288254,,,610.19709880578
2026-06-26,15:30,cac,BUY,8361.3,8369.2,7.9,1,7.9,TRUE,780.230000000001,794.790000000001,1.22039419761156,1.52549274701445,0.457647824104335,0.30509854940289,0.228823912052167,,12.0513927014142,,,,622.248491507194
2026-06-26,20:55,dax,BUY,24666.2,24638.7,-27.5,0.37,-10.18,FALSE,770.050000000001,794.790000000001,1.24449698301439,1.55562122876798,0.466686368630395,0.311124245753597,0.233343184315198,,,-12.8338751373359,,,609.414616369858
2026-06-29,07:55,hangseng,SELL,23108.1,23098.2,9.9,0.2,1.98,TRUE,772.030000000001,772.030000000001,1.21882923273972,1.52353654092464,0.457060962277393,0.304707308184929,0.228530481138697,,,,3.0166023510308,,612.431218720889
2026-06-30,11:25,cac,BUY,8382.4,8412.5,30.1,1,30.1,TRUE,802.130000000001,802.130000000001,1.22486243744178,1.53107804680222,0.459323414040667,0.306215609360444,0.229661707020333,,46.0854492087469,,,,658.516667929636
2026-06-30,16:25,cac,BUY,8374.3,8407.4,33.1,1,33.1,TRUE,835.230000000001,802.130000000001,1.31703333585927,1.64629166982409,0.493887500947227,0.329258333964818,0.246943750473613,,54.4922542711774,,,,713.008922200813
2026-06-30,19:30,ftse,BUY,10502.9,10506,3.1,0.8,2.48,TRUE,837.710000000001,802.130000000001,1.42601784440163,1.78252230550203,0.53475669165061,0.356504461100407,0.267378345825305,4.42065531764504,,,,,717.429577518458
2026-07-01,08:10,ftse,BUY,10486.7,10455.3,-31.4,0.8,-27.63,FALSE,810.080000000001,810.080000000001,1.43485915503692,1.79357394379615,0.538072183138844,0.358714788759229,0.269036091569422,-45.0545774681592,,,,,672.375000050299
2026-07-01,09:50,cac,BUY,8361.1,8375.5,14.4,1,14.4,TRUE,824.480000000001,810.080000000001,1.3447500001006,1.68093750012575,0.504281250037724,0.336187500025149,0.252140625018862,,24.2055000018108,,,,696.58050005211
2026-07-01,15:05,ftse,BUY,10456.5,10451.6,-4.9,0.8,-4.31,FALSE,820.170000000001,810.080000000001,1.39316100010422,1.74145125013027,0.522435375039082,0.348290250026055,0.261217687519541,-6.82648890051067,,,,,689.754011151599
2026-07-02,07:05,nikkei,BUY,69235.6,68965,-270.6,0.15,-40.59,FALSE,779.580000000001,779.580000000001,1.3795080223032,1.724385027879,0.517315508363699,0.3448770055758,0.25865775418185,,,,,-69.9927882816085,619.76122286999
2026-07-03,05:25,nikkei,SELL,69373.5,69543.6,-170.1,0.15,-25.52,FALSE,754.060000000001,754.060000000001,1.23952244573998,1.54940305717498,0.464820917152493,0.309880611434995,0.232410458576246,,,,,-39.5330190038195,580.228203866171
2026-07-03,12:05,cac,BUY,8471.8,8475.5,3.7,1,3.7,TRUE,757.760000000001,754.060000000001,1.16045640773234,1.45057050966543,0.435171152899628,0.290114101933086,0.217585576449814,,5.36711088576208,,,,585.595314751933
2026-07-03,13:20,ftse,BUY,10614.1,10634.9,20.8,0.8,18.3,TRUE,776.060000000001,754.060000000001,1.17119062950387,1.46398828687983,0.43919648606395,0.292797657375966,0.219598243031975,24.3607650936804,,,,,609.956079845613
2026-07-06,06:10,nikkei,BUY,69044.2,69464.8,420.6,0.15,63.09,TRUE,839.150000000001,839.150000000001,1.21991215969123,1.52489019961403,0.45746705988421,0.304978039922807,0.228733529942105,,,,,96.2053226936494,706.161402539263
2026-07-06,09:15,dax,BUY,25800.8,25851,50.2,0.37,20.08,TRUE,859.230000000001,839.150000000001,1.41232280507853,1.76540350634816,0.529621051904447,0.353080701269631,0.264810525952224,,,26.5869768056032,,,732.748379344866
2026-07-06,14:10,dax,BUY,25775.9,25712.7,-63.2,0.37,-25.28,FALSE,833.950000000001,839.150000000001,1.46549675868973,1.83187094836217,0.54956128450865,0.366374189672433,0.274780642254325,,,-34.7322731809467,,,698.016106163919
2026-07-06,15:35,dax,BUY,25722.9,25779.9,57,0.37,21.09,TRUE,855.040000000001,839.150000000001,1.39603221232784,1.7450402654098,0.523512079622939,0.34900805308196,0.26175603981147,,,29.8401885385075,,,727.856294702427
2026-07-06,16:25,cac,BUY,8473.2,8468.7,-4.5,1,-4.5,FALSE,850.540000000001,839.150000000001,1.45571258940485,1.81964073675607,0.54589222102682,0.363928147351213,0.27294611051341,,-8.1883833154023,,,,719.667911387024
2026-07-07,07:25,nikkei,BUY,68197.8,68410.2,212.4,0.15,31.86,TRUE,882.400000000001,882.400000000001,1.43933582277405,1.79916977846756,0.539750933540268,0.359833955693512,0.269875466770134,,,,,57.3215491419765,776.989460529001
2026-07-07,07:50,dax,BUY,25760.2,25767.3,7.1,0.37,2.84,TRUE,885.240000000001,882.400000000001,1.553978921058,1.9424736513225,0.582742095396751,0.388494730264501,0.291371047698375,,,4.13746887731693,,,781.126929406318
2026-07-07,11:30,dax,BUY,25727.6,25667,-60.6,0.37,-22.42,FALSE,862.820000000001,882.400000000001,1.56225385881264,1.95281732351579,0.585845197054738,0.390563464703159,0.292922598527369,,,-35.5022189415171,,,745.624710464801
2026-07-07,14:50,dax,BUY,25668.1,25591.8,-76.3,0.37,-30.52,FALSE,832.300000000001,882.400000000001,1.4912494209296,1.864061776162,0.559218532848601,0.3728123552324,0.2796092664243,,,-42.6683740563482,,,702.956336408453
2026-07-07,20:55,cac,BUY,8436.7,8418,-18.7,1,-18.7,FALSE,813.600000000001,882.400000000001,1.40591267281691,1.75739084102113,0.527217252306339,0.351478168204226,0.26360862615317,,-32.8632087270952,,,,670.093127681357
2026-07-08,08:05,cac,BUY,8397.2,8361.1,-36.1,1,-39.71,FALSE,773.890000000001,773.890000000001,1.34018625536271,1.67523281920339,0.502569845761018,0.335046563840679,0.251284922880509,,-60.4759047732425,,,,609.617222908115
2026-07-08,09:20,ftse,BUY,10585.7,10536.7,-49,0.8,-39.2,FALSE,734.690000000001,773.890000000001,1.21923444581623,1.52404305727029,0.457212917181086,0.304808611454057,0.228606458590543,-59.7424878449953,,,,,549.87473506312
2026-07-08,13:25,ftse,BUY,10503.6,10553.7,50.1,0.8,40.08,TRUE,774.770000000001,773.890000000001,1.09974947012624,1.3746868376578,0.41240605129734,0.27493736753156,0.20620302564867,55.0974484533246,,,,,604.972183516444
2026-07-08,18:05,ftse,BUY,10480,10488.1,8.1,0.8,6.48,TRUE,781.250000000001,773.890000000001,1.20994436703289,1.51243045879111,0.453729137637333,0.302486091758222,0.226864568818667,9.8005493729664,,,,,614.772732889411
2026-07-09,07:55,hangseng,BUY,23937.8,23995.2,57.4,0.2,11.48,TRUE,792.730000000001,792.730000000001,1.22954546577882,1.53693183222353,0.461079549667058,0.307386366444705,0.230539774833529,,,,17.6439774339261,,632.416710323337
2026-07-13,07:55,hangseng,BUY,24223.91,24198.5,-25.4,0.2,-5.08,FALSE,787.650000000001,787.650000000001,1.26483342064667,1.58104177580834,0.474312532742503,0.316208355161668,0.237156266371251,,,,-8.03169222110638,,624.38501810223
2026-07-14,07:25,nikkei,SELL,67530.2,67544.8,-14.6,0.15,-2.19,FALSE,785.460000000001,785.460000000001,1.24877003620446,1.56096254525558,0.468288763576673,0.312192509051115,0.234144381788336,,,,,-3.41850797410971,620.966510128121
2026-07-15,06:50,ftse,SELL,10492.3,10475.5,16.8,0.8,14.78,TRUE,800.240000000001,800.240000000001,1.24193302025624,1.5524162753203,0.46572488259609,0.31048325506406,0.232862441298045,20.8644747403049,,,,,641.830984868426
2026-07-15,07:25,nikkei,SELL,68670.4,68528.8,141.6,0.15,21.24,TRUE,821.480000000001,800.240000000001,1.28366196973685,1.60457746217106,0.481373238651319,0.320915492434213,0.24068661932566,,,,,34.0812252965134,675.912210164939
2026-07-15,11:10,dax,BUY,24975.6,24934.1,-41.5,0.37,-15.36,FALSE,806.120000000001,800.240000000001,1.35182442032988,1.68978052541235,0.506934157623704,0.337956105082469,0.253467078811852,,,-21.0377675413837,,,654.874442623555
2026-07-15,12:25,ftse,BUY,10505.4,10518.3,12.9,0.8,10.32,TRUE,816.440000000001,800.240000000001,1.30974888524711,1.63718610655889,0.491155831967666,0.327437221311778,0.245577915983833,16.8957606196877,,,,,671.770203243243
2026-07-15,14:35,dax,BUY,25015.1,25024.8,9.7,0.37,3.59,TRUE,820.030000000001,800.240000000001,1.34354040648649,1.67942550810811,0.503827652432432,0.335885101621621,0.251913826216216,,,4.88712822859459,,,676.657331471838
2026-07-15,20:55,ftse,BUY,10491.7,10484.5,-7.2,0.8,-5.76,FALSE,814.270000000001,800.240000000001,1.35331466294368,1.69164332867959,0.507492998603878,0.338328665735919,0.253746499301939,-9.74386557319446,,,,,666.913465898643
2026-07-16,05:10,nikkei,SELL,67024.8,66837.3,187.5,0.15,28.12,TRUE,842.390000000001,842.390000000001,1.33382693179729,1.66728366474661,0.500185099423982,0.333456732949322,0.250092549711991,,,,,46.8923530709983,713.805818969641
2026-07-16,05:10,ftse,SELL,10481,10483.1,-2.1,0.8,-1.85,FALSE,840.540000000001,842.390000000001,1.42761163793928,1.7845145474241,0.535354364227231,0.356902909484821,0.267677182113616,-2.99798443967249,,,,,710.807834529969
2026-07-16,06:45,dax,SELL,25020.2,25006.4,13.8,0.37,5.52,TRUE,846.060000000001,842.390000000001,1.42161566905994,1.77701958632492,0.533105875897477,0.355403917264985,0.266552937948738,,,7.35686108738518,,,718.164695617354
2026-07-16,07:40,dax,SELL,24997.5,24893.8,103.7,0.37,41.48,TRUE,887.540000000001,842.390000000001,1.43632939123471,1.79541173904339,0.538623521713016,0.359082347808677,0.269311760856508,,,55.8552592016397,,,774.019954818994
2026-07-17,05:35,hangseng,BUY,24472,24375.5,-96.5,0.2,-19.3,FALSE,868.240000000001,868.240000000001,1.54803990963799,1.93504988704748,0.580514966114245,0.387009977409497,0.290257483057123,,,,-37.3464628200165,,736.673491998977
2026-07-17,06:40,hangseng,BUY,24372.7,24506,133.3,0.2,26.66,TRUE,894.900000000001,868.240000000001,1.47334698399795,1.84168372999744,0.552505118999233,0.368336745999489,0.276252559499616,,,,49.0992882417318,,785.772780240709
2026-07-20,07:50,ftse,BUY,10535.1,10554.9,19.8,0.8,17.42,TRUE,912.320000000001,912.320000000001,1.57154556048142,1.96443195060177,0.589329585180532,0.392886390120355,0.294664792590266,31.1166020975321,,,,,816.889382338241
2026-07-21,05:25,dax,SELL,24816.8,24823.6,-6.8,0.37,-2.72,FALSE,909.600000000001,909.600000000001,1.63377876467648,2.0422234558456,0.612667036753681,0.408444691169121,0.306333518376841,,,-4.16613584992503,,,812.723246488316
2026-07-21,06:05,hangseng,BUY,25116.9,25179.9,63,0.2,12.6,TRUE,922.200000000001,909.600000000001,1.62544649297663,2.03180811622079,0.609542434866237,0.406361623244158,0.304771217433119,,,,25.600782264382,,838.324028752698
2026-07-21,07:00,dax,SELL,24829.1,24897.1,-68,0.37,-27.2,FALSE,895.000000000001,909.600000000001,1.6766480575054,2.09581007188175,0.628743021564524,0.419162014376349,0.314371510782262,,,-42.7545254663876,,,795.569503286311
2026-07-21,08:15,dax,SELL,24866.6,24879.7,-13.1,0.37,-5.24,FALSE,889.760000000001,909.600000000001,1.59113900657262,1.98892375821578,0.596677127464733,0.397784751643155,0.298338563732367,,,-7.816470369788,,,787.753032916523
2026-07-21,12:30,cac,SELL,8341.1,8341.4,-0.3,1,-0.3,FALSE,889.460000000001,909.600000000001,1.57550606583305,1.96938258229131,0.590814774687392,0.393876516458261,0.295407387343696,,-0.590814774687392,,,,787.162218141835
2026-07-21,15:50,ftse,SELL,10559.3,10595.8,-36.5,0.8,-29.2,FALSE,860.260000000001,909.600000000001,1.57432443628367,1.96790554535459,0.590371663606376,0.393581109070918,0.295185831803188,-57.462841924354,,,,,729.699376217481
2026-07-22,07:30,hangseng,BUY,24859.7,24862.5,2.8,0.2,0.56,TRUE,860.820000000001,860.820000000001,1.45939875243496,1.8242484405437,0.547274532163111,0.364849688108741,0.273637266081556,,,,1.02157912670447,,730.720955344186
2026-07-23,07:05,ftse,BUY,10717.8,10675.8,-42,0.8,-36.96,FALSE,823.860000000001,823.860000000001,1.46144191068837,1.82680238836046,0.548040716508139,0.365360477672093,0.27402035825407,-61.3805602489116,,,,,669.340395095274
2026-07-24,06:30,hangseng,BUY,24863.7,24874.3,10.6,0.2,2.12,TRUE,825.980000000001,825.980000000001,1.33868079019055,1.67335098773819,0.502005296321456,0.334670197547637,0.251002648160728,,,,3.54750409400495,,672.887899189279
2026-07-24,07:45,hangseng,BUY,24867.6,24922.5,54.9,0.2,10.98,TRUE,836.960000000001,825.980000000001,1.34577579837856,1.6822197479732,0.50466592439196,0.33644394959464,0.25233296219598,,,,18.4707728327457,,691.358672022025
2026-07-28,05:25,hangseng,BUY,25157.9,25164.1,6.2,0.2,1.24,TRUE,838.200000000001,838.200000000001,1.38271734404405,1.72839668005506,0.518519004016519,0.345679336011013,0.259259502008259,,,,2.14321188326828,,693.501883905293
2026-07-28,06:30,hangseng,BUY,25166.4,25169.1,2.7,0.2,0.54,TRUE,838.740000000001,838.200000000001,1.38700376781059,1.73375470976323,0.52012641292897,0.346750941952647,0.260063206464485,,,,0.936227543272146,,694.438111448565
2026-07-28,06:55,cac,BUY,8394.2,8435.9,41.7,1,45.87,TRUE,884.610000000001,838.200000000001,1.38887622289713,1.73609527862141,0.520828583586424,0.347219055724283,0.260414291793212,,72.3951731185129,,,,766.833284567078
2026-07-28,09:00,dax,BUY,25485.9,25483.3,-2.6,0.37,-0.96,FALSE,883.650000000001,838.200000000001,1.53366656913416,1.9170832114177,0.575124963425309,0.383416642283539,0.287562481712654,,,-1.4953249049058,,,765.337959662173
2026-07-28,09:40,dax,BUY,25498.2,25516.1,17.9,0.37,6.62,TRUE,890.270000000001,838.200000000001,1.53067591932435,1.91334489915543,0.574003469746629,0.382668979831086,0.287001734873315,,,10.2746621084647,,,775.612621770637
2026-07-28,11:25,dax,BUY,25455.7,25384.8,-70.9,0.37,-26.23,FALSE,864.040000000001,838.200000000001,1.55122524354127,1.93903155442659,0.581709466327978,0.387806310885319,0.290854733163989,,,-41.2432011626536,,,734.369420607984
2026-07-28,14:40,cac,BUY,8413.1,8456,42.9,1,42.9,TRUE,906.940000000001,838.200000000001,1.46873884121597,1.83592355151996,0.550777065455988,0.367184710303992,0.275388532727994,,78.7611203602062,,,,813.13054096819
2026-07-29,04:40,cac,BUY,8444,8413.4,-30.6,1,-33.66,FALSE,873.280000000001,873.280000000001,1.62626108193638,2.03282635242047,0.609847905726142,0.406565270484095,0.304923952863071,,-62.2044863840665,,,,750.926054584123
2026-07-29,05:45,dax,BUY,25297.6,25385.6,88,0.37,35.2,TRUE,908.480000000001,873.280000000001,1.50185210916825,1.87731513646031,0.563194540938092,0.375463027292062,0.281597270469046,,,49.5611196025521,,,800.487174186675
2026-07-29,07:25,nikkei,SELL,62202.3,62280.8,-78.5,0.15,-11.78,FALSE,896.700000000001,873.280000000001,1.60097434837335,2.00121793546669,0.600365380640007,0.400243587093338,0.300182690320003,,,,,-23.5643411901203,776.922832996555
2026-07-29,09:15,dax,BUY,25425.8,25374.6,-51.2,0.37,-18.94,FALSE,877.760000000001,873.280000000001,1.55384566599311,1.94230708249139,0.582692124747416,0.388461416498278,0.291346062373708,,,-29.8338367870677,,,747.088996209487
2026-07-29,11:00,cac,BUY,8403,8410.8,7.8,1,7.8,TRUE,885.560000000001,873.280000000001,1.49417799241897,1.86772249052372,0.560316747157116,0.373544498104744,0.280158373578558,,14.568235426085,,,,761.657231635572
2026-07-29,12:15,cac,BUY,8418.9,8382.5,-36.4,1,-36.4,FALSE,849.160000000001,873.280000000001,1.52331446327114,1.90414307908893,0.571242923726679,0.380828615817786,0.28562146186334,,-69.3108080788371,,,,692.346423556735
2026-07-29,14:40,dax,BUY,25508.6,25440,-68.6,0.37,-25.38,FALSE,823.780000000001,873.280000000001,1.38469284711347,1.73086605889184,0.519259817667552,0.346173211778368,0.259629908833776,,,-35.621223491994,,,656.725200064741
2026-07-29,18:10,ftse,BUY,10882.9,10885.1,2.2,0.8,1.76,TRUE,825.540000000001,873.280000000001,1.31345040012948,1.64181300016185,0.492543900048556,0.328362600032371,0.246271950024278,2.88959088028486,,,,,659.614790945026
2026-07-29,20:55,ftse,BUY,10824.4,10824.1,-0.3,0.8,-0.24,FALSE,825.300000000001,873.280000000001,1.31922958189005,1.64903697736257,0.49471109320877,0.329807395472513,0.247355546604385,-0.395768874567016,,,,,659.219022070459
2026-07-30,06:10,hangseng,BUY,25729,25799.8,70.8,0.2,14.16,TRUE,839.460000000001,839.460000000001,1.31843804414092,1.64804755517615,0.494414266552844,0.32960951103523,0.247207133276422,,,,23.3363533812943,,682.555375451753
2026-07-30,06:35,ftse,BUY,10814,10844.4,30.4,0.8,26.75,TRUE,866.210000000001,839.460000000001,1.36511075090351,1.70638843862938,0.511916531588815,0.341277687725877,0.255958265794408,41.4993668274666,,,,,724.05474227922
2026-07-30,07:35,dax,BUY,25356.6,25331.4,-25.2,0.37,-10.08,FALSE,856.130000000001,839.460000000001,1.44810948455844,1.81013685569805,0.543041056709415,0.36202737113961,0.271520528354708,,,-13.6846346290773,,,710.370107650143
2026-07-30,08:35,dax,BUY,25360.8,25426.3,65.5,0.37,26.2,TRUE,882.330000000001,839.460000000001,1.42074021530029,1.77592526912536,0.532777580737607,0.355185053825071,0.266388790368804,,,34.8969315383133,,,745.267039188456
2026-07-31,07:45,cac,BUY,8497.4,8567.4,70,1,77,TRUE,959.330000000001,959.330000000001,1.49053407837691,1.86316759797114,0.558950279391342,0.372633519594228,0.279475139695671,,130.42173185798,,,,875.688771046436
2026-07-31,11:00,ftse,BUY,10956.2,10934.8,-21.4,0.8,-17.12,FALSE,942.210000000001,959.330000000001,1.75137754209287,2.18922192761609,0.656766578284827,0.437844385523218,0.328383289142413,-37.4794794007875,,,,,838.209291645649
2026-07-31,13:05,ftse,BUY,10932.8,10903,-29.8,0.8,-23.84,FALSE,918.370000000001,959.330000000001,1.6764185832913,2.09552322911412,0.628656968734236,0.419104645822824,0.314328484367118,-49.9572737820807,,,,,788.252017863568
2026-07-31,13:45,dax,BUY,25641.4,25588,-53.4,0.37,-19.76,FALSE,898.610000000001,959.330000000001,1.57650403572714,1.97063004465892,0.591189013397676,0.394126008931784,0.295594506698838,,,-31.5694933154359,,,756.682524548132
2026-07-31,15:15,dax,BUY,25590.1,25675.8,85.7,0.37,31.71,TRUE,930.320000000001,959.330000000001,1.51336504909626,1.89170631137033,0.567511893411099,0.378341262274066,0.28375594670555,,,48.6357692653312,,,805.318293813463
2026-07-31,16:25,ftse,BUY,10877.7,10878.4,0.7,0.8,0.56,TRUE,930.880000000001,959.330000000001,1.61063658762693,2.01329573453366,0.603988720360097,0.402659146906732,0.301994360180049,1.12744561133885,,,,,806.445739424802
2026-08-03,07:25,nikkei,SELL,63652.2,63621.5,30.7,0.15,4.6,TRUE,935.480000000001,935.480000000001,1.6128914788496,2.01611434856201,0.604834304568601,0.403222869712401,0.302417152284301,,,,,9.28420657512803,815.72994599993
2026-08-03,10:45,ftse,BUY,10869.5,10862,-7.5,0.8,-6.6,FALSE,928.880000000001,935.480000000001,1.63145989199986,2.03932486499983,0.611797459499948,0.407864972999965,0.305898729749974,-12.235949189999,,,,,803.493996809931
2026-08-03,15:50,ftse,BUY,10861.2,10863.6,2.4,0.8,2.11,TRUE,930.990000000001,935.480000000001,1.60698799361986,2.00873499202483,0.602620497607448,0.401746998404966,0.301310248803724,3.85677118468767,,,,,807.350767994619
2026-08-04,07:20,hangseng,BUY,25811.4,25847,35.6,0.2,7.12,TRUE,938.110000000001,938.110000000001,1.61470153598924,2.01837691998655,0.605513075995964,0.403675383997309,0.302756537997982,,,,14.3708436703042,,821.721611664923
2026-08-04,11:05,cac,BUY,8612.6,8622.5,9.9,1,9.9,TRUE,948.010000000001,938.110000000001,1.64344322332985,2.05430402916231,0.616291208748692,0.410860805832462,0.308145604374346,,20.3376098887068,,,,842.05922155363
2026-08-04,16:25,ftse,BUY,10890.2,10906,15.8,0.8,12.64,TRUE,960.650000000001,938.110000000001,1.68411844310726,2.10514805388407,0.631544416165222,0.421029610776815,0.315772208082611,26.6090714010947,,,,,868.668292954725
2026-08-05,06:15,dax,BUY,26376,26394,18,0.37,7.2,TRUE,967.850000000001,967.850000000001,1.73733658590945,2.17167073238681,0.651501219716044,0.434334146477362,0.325750609858022,,,11.7270219548888,,,880.395314909613
2026-08-05,09:40,cac,BUY,8694.4,8665.1,-29.3,1,-32.23,FALSE,935.620000000001,967.850000000001,1.76079062981923,2.20098828727403,0.66029648618221,0.440197657454807,0.330148243091105,,-64.4889568171292,,,,815.906358092484
2026-08-05,11:35,dax,BUY,26214.8,26220.3,5.5,0.37,2.04,TRUE,937.660000000001,967.850000000001,1.63181271618497,2.03976589523121,0.611929768569363,0.407953179046242,0.305964884284682,,,3.3656137271315,,,819.271971819616
2026-08-05,12:55,ftse,BUY,10855.9,10941.8,85.9,0.8,68.72,TRUE,1006.38,967.850000000001,1.63854394363923,2.04817992954904,0.614453978864712,0.409635985909808,0.307226989432356,140.75092475861,,,,,960.022896578226
2026-08-05,14:40,dax,BUY,26262.8,26197.7,-65.1,0.37,-24.09,FALSE,982.290000000001,967.850000000001,1.92004579315645,2.40005724144556,0.720017172433669,0.480011448289113,0.360008586216835,,,-46.8731179254319,,,913.149778652794
2026-08-05,15:55,cac,BUY,8668.5,8667.6,-0.9,1,-0.9,FALSE,981.390000000001,967.850000000001,1.82629955730559,2.28287444663199,0.684862333989595,0.456574889326397,0.342431166994798,,-2.05458700196879,,,,911.095191650825
2026-08-05,20:55,ftse,BUY,10878.1,10874.4,-3.7,0.8,-2.96,FALSE,978.430000000001,967.850000000001,1.82219038330165,2.27773797912706,0.683321393738119,0.455547595825413,0.341660696869059,-6.74210441821611,,,,,904.353087232609
2026-08-06,06:10,hangseng,BUY,25446.6,25453,6.4,0.2,1.28,TRUE,979.710000000001,979.710000000001,1.80870617446522,2.26088271808152,0.678264815424457,0.452176543616305,0.339132407712228,,,,2.89392987914435,,907.247017111753
2026-08-06,06:30,nikkei,BUY,65668.2,65568.8,-99.4,0.15,-14.91,FALSE,964.800000000001,979.710000000001,1.81449403422351,2.26811754277938,0.680435262833815,0.453623508555877,0.340217631416908,,,,,-33.8176325628406,873.429384548913
2026-08-06,07:00,dax,BUY,26201.8,26123,-78.8,0.37,-31.52,FALSE,933.280000000001,979.710000000001,1.74685876909783,2.18357346137228,0.655072038411685,0.436714692274456,0.327536019205842,,,-51.6196766268407,,,821.809707922072
2026-08-06,07:20,dax,BUY,26136.4,26176.9,40.5,0.37,16.2,TRUE,949.480000000001,979.710000000001,1.64361941584414,2.05452426980518,0.616357280941554,0.410904853961036,0.308178640470777,,,24.9624698781329,,,846.772177800205
2026-08-06,07:30,hangseng,BUY,25444.8,25477.5,32.7,0.2,6.54,TRUE,956.020000000001,979.710000000001,1.69354435560041,2.11693044450051,0.635079133350154,0.423386088900103,0.317539566675077,,,,13.8447251070334,,860.616902907239
2026-08-06,09:05,dax,BUY,26144.3,26170,25.7,0.37,9.51,TRUE,965.530000000001,979.710000000001,1.72123380581448,2.1515422572681,0.645462677180429,0.430308451453619,0.322731338590214,,,16.588390803537,,,877.205293710775
2026-08-06,16:25,ftse,BUY,10875.2,10864.9,-10.3,0.8,-8.24,FALSE,957.290000000001,979.710000000001,1.75441058742155,2.19301323427694,0.657903970283082,0.438602646855388,0.328951985141541,-18.070429050442,,,,,859.134864660334
2026-08-06,20:55,ftse,BUY,10863.2,10855,-8.2,0.8,-6.56,FALSE,950.730000000001,979.710000000001,1.71826972932067,2.14783716165083,0.64435114849525,0.429567432330167,0.322175574247625,-14.0898117804295,,,,,845.045052879904
2026-08-10,07:10,ftse,BUY,10864.8,10888.8,24,0.8,21.12,TRUE,971.850000000001,971.850000000001,1.69009010575981,2.11261263219976,0.633783789659928,0.422522526439952,0.316891894829964,40.5621625382354,,,,,885.607215418139
2026-08-10,07:35,dax,BUY,26331.7,26347.4,15.7,0.37,6.28,TRUE,978.130000000001,971.850000000001,1.77121443083628,2.21401803854535,0.664205411563605,0.44280360770907,0.332102705781802,,,10.4280249615486,,,896.035240379688
2026-08-10,10:40,cac,BUY,8705.5,8716.7,11.2,1,12.32,TRUE,990.450000000001,971.850000000001,1.79207048075938,2.24008810094922,0.672026430284766,0.448017620189844,0.336013215142383,,25.0889867306313,,,,921.124227110319
2026-08-10,12:05,ftse,BUY,10871.7,10875.7,4,0.8,3.2,TRUE,993.650000000001,971.850000000001,1.84224845422064,2.3028105677758,0.690843170332739,0.46056211355516,0.34542158516637,7.36899381688255,,,,,928.493220927202
2026-08-10,13:35,dax,BUY,26376.6,26345.1,-31.5,0.37,-11.65,FALSE,982.000000000001,971.850000000001,1.8569864418544,2.321233052318,0.696369915695401,0.464246610463601,0.348184957847701,,,-21.9356523444051,,,906.557568582797
2026-08-10,14:35,dax,BUY,26340.1,26348.9,8.8,0.37,3.26,TRUE,985.260000000001,971.850000000001,1.81311513716559,2.26639392145699,0.679918176437098,0.453278784291398,0.339959088218549,,,5.98327995264646,,,912.540848535443
2026-08-10,15:30,ftse,BUY,10853.2,10860.1,6.9,0.8,5.52,TRUE,990.780000000001,971.850000000001,1.82508169707089,2.28135212133861,0.684405636401582,0.456270424267722,0.342202818200791,12.5930637097891,,,,,925.133912245232
2026-08-11,06:30,hangseng,BUY,25742.6,25641.8,-100.8,0.2,-20.16,FALSE,970.620000000001,970.620000000001,1.85026782449046,2.31283478061308,0.693850434183924,0.462566956122616,0.346925217091962,,,,-46.6267491771597,,878.507163068073
2026-08-11,07:55,hangseng,BUY,25660.9,25646,-14.9,0.2,-2.98,FALSE,967.640000000001,970.620000000001,1.75701432613615,2.19626790767018,0.658880372301054,0.439253581534036,0.329440186150527,,,,-6.54487836485714,,871.962284703216
2026-08-11,09:05,cac,BUY,8728.8,8698.5,-30.3,1,-33.33,FALSE,934.310000000001,970.620000000001,1.74392456940643,2.17990571175804,0.653971713527412,0.435981142351608,0.326985856763706,,-66.0511430662686,,,,805.911141636947
2026-08-11,10:40,cac,BUY,8702.1,8711.1,9,1,9,TRUE,943.310000000001,970.620000000001,1.61182228327389,2.01477785409237,0.60443335622771,0.402955570818474,0.302216678113855,,18.1330006868313,,,,824.044142323778
2026-08-11,13:35,ftse,BUY,10874.7,10880.9,6.2,0.8,4.96,TRUE,948.270000000001,970.620000000001,1.64808828464756,2.06011035580945,0.618033106742834,0.412022071161889,0.309016553371417,10.2181473648149,,,,,834.262289688593
2026-08-11,16:25,ftse,BUY,10861.4,10845.1,-16.3,0.8,-13.04,FALSE,935.230000000001,970.620000000001,1.66852457937719,2.08565572422148,0.625696717266445,0.417131144844297,0.312848358633222,-27.1969506438481,,,,,807.065339044745
2026-08-11,20:55,cac,BUY,8711.1,8711,-0.1,1,-0.1,FALSE,935.130000000001,970.620000000001,1.61413067808949,2.01766334761186,0.605299004283559,0.403532669522373,0.302649502141779,,-0.201766334761186,,,,806.863572709984
2026-08-12,09:35,cac,BUY,8692.2,8705.2,13,1,13,TRUE,948.130000000001,948.130000000001,1.61372714541997,2.01715893177496,0.605147679532488,0.403431786354992,0.302573839766244,,26.2230661130745,,,,833.086638823058
2026-08-12,14:30,cac,BUY,8688,8665,-23,1,-25.3,FALSE,922.830000000001,948.130000000001,1.66617327764612,2.08271659705765,0.624814979117294,0.416543319411529,0.312407489558647,,-47.9024817323258,,,,785.184157090732
2026-08-12,16:10,cac,BUY,8667.9,8674.5,6.6,1,6.6,TRUE,929.430000000001,948.130000000001,1.57036831418146,1.96296039272683,0.588888117818049,0.392592078545366,0.294444058909025,,12.9555385919971,,,,798.139695682729
2026-08-12,18:25,dax,BUY,26331.5,26338.5,7,0.37,2.59,TRUE,932.020000000001,948.130000000001,1.59627939136546,1.99534923920682,0.598604771762047,0.399069847841365,0.299302385881024,,,4.19023340233433,,,802.329929085064
2026-08-13,15:05,cac,BUY,8686.7,8658,-28.7,1,-31.57,FALSE,900.450000000001,900.450000000001,1.60465985817013,2.00582482271266,0.601747446813798,0.401164964542532,0.300873723406899,,-57.5671724118533,,,,744.76275667321
2026-08-13,16:00,ftse,BUY,10768.1,10778.5,10.4,0.8,8.32,TRUE,908.770000000001,900.450000000001,1.48952551334642,1.86190689168303,0.558572067504908,0.372381378336605,0.279286033752454,15.4910653388028,,,,,760.253822012013
2026-08-13,16:25,dax,BUY,26326.5,26334,7.5,0.37,2.77,TRUE,911.540000000001,900.450000000001,1.52050764402403,1.90063455503003,0.57019036650901,0.380126911006007,0.285095183254505,,,4.27642774881757,,,764.530249760831
2026-08-14,06:00,nikkei,BUY,68560,68675.8,115.8,0.15,17.37,TRUE,928.910000000001,928.910000000001,1.52906049952166,1.91132562440208,0.573397687320623,0.382265124880415,0.286698843660312,,,,,33.1997260958641,797.729975856695
2026-08-18,04:20,nikkei,BUY,67933.4,67761.8,-171.6,0.15,-25.74,FALSE,903.170000000001,903.170000000001,1.59545995171339,1.99432493964174,0.598297481892521,0.398864987928347,0.299148740946261,,,,,-51.3339239463783,746.396051910317
2026-08-18,07:25,nikkei,BUY,67558,67605.7,47.7,0.15,7.15,TRUE,910.320000000001,903.170000000001,1.49279210382063,1.86599012977579,0.559797038932738,0.373198025955158,0.279898519466369,,,,,13.3511593785458,759.747211288862
